1;1;2;2;0;815;1100
1;2;5;5;0;873;975
1;3;14;14;0;7000;9000
1;4;0;0;0;1350;2000
1;5;0;0;1;1166;1450
1;6;6;6;1;377;450
1;7;1;1;0;1500;1800
1;8;22;22;1;710;850
1;9;2;2;0;2829;3200
1;10;7;7;0;723;900
1;11;7;7;0;1273;1550
1;12;6;6;0;880;1100
1;13;2;2;1;1071;1300
1;14;1;1;0;2872;3500
1;15;2;2;1;1270;1850
1;16;55;55;5;10;100
1;17;4;4;6;500;750
1;18;1;1;0;1215;1650
1;19;2;2;1;807;1100
1;20;3;3;1;757;1000
1;21;1;1;1;757;1000
1;22;3;3;1;757;1000
1;23;5;5;0;324;450
1;24;23;23;1;500;700
1;25;9;9;1;553;750
1;26;14;14;1;664;900
1;27;6;6;0;566;750
1;28;9;9;0;623;900
1;29;0;0;1;500;725
1;30;2;2;1;1383;1900
1;31;19;19;1;95;100
1;32;2;2;0;565;700
1;33;17;17;0;500;1000
1;34;5;5;1;950;1350
1;35;6;6;0;403;700
1;36;1;1;0;376;500
1;37;20;20;0;1;250
1;38;5;5;0;378;550
1;39;6;6;0;1083;1500
1;40;1;1;1;1084;1500
1;41;5;5;1;603;900
1;42;3;3;1;1094;1500
1;43;4;4;1;1070;1300
1;44;7;7;1;754;1000
1;45;10;10;1;1177;1400
1;46;2;2;0;477;700
1;47;7;7;0;196;275
1;48;55;55;0;54;275
1;49;6;6;0;175;300
1;50;38;38;0;0;200
1;51;0;0;0;980;1350
1;52;5;5;0;1083;1300
1;53;5;5;1;980;1350
1;54;5;5;1;980;1350
1;55;0;0;1;980;1350
1;56;2;2;1;980;1350
1;57;2;2;0;1884;2100
1;58;6;6;0;306;425
1;59;2;2;0;1412;1800
1;60;2;2;0;1;450
1;61;17;17;0;150;300
1;62;6;6;0;156;450
1;63;2;2;0;2035;2450
1;64;2;2;0;864;1050
1;65;2;2;0;1076;1200
1;66;0;0;0;486;700
1;67;6;6;0;130;175
1;68;10;10;1;1416;1700
1;69;10;10;1;1225;1350
1;70;4;4;1;680;750
1;71;11;11;1;680;850
1;72;14;14;0;1227;1400
1;73;4;4;0;614;700
1;74;12;12;0;572;750
1;75;0;0;0;1076;1200
1;76;17;17;0;250;300
1;77;2;2;0;981;1200
1;78;9;9;0;1121;1400
1;79;5;5;0;937;1200
1;80;1;1;0;1127;1450
1;81;6;6;0;524;1100
1;82;5;5;0;620;850
1;83;9;9;10;1000;1500
1;84;5;5;1;1155;1400
1;85;7;7;1;2001;2450
1;86;7;7;1;1155;1400
1;87;0;0;0;500;1100
1;88;8;8;1;2001;2450
1;89;4;4;0;981;1200
1;90;0;0;0;1274;1550
1;91;6;6;0;1442;2000
1;92;1;1;0;1122;1350
1;93;7;7;0;721;900
1;94;9;9;0;1745;2600
1;95;3;3;0;1550;2000
1;96;0;0;0;1017;1400
1;97;3;3;0;2009;2500
1;98;1;1;0;1;2750
1;99;14;14;1;765;950
1;100;8;8;1;1276;1550
1;101;9;9;1;450;650
1;102;28;28;1;53;100
1;103;0;0;1;457;600
1;104;1;1;0;850;1000
1;105;6;6;0;208;300
1;106;6;6;0;208;300
1;107;13;13;0;685;950
1;108;9;9;0;884;1150
1;109;0;0;0;1;11000
1;110;1;1;0;1;4500
1;111;1;1;0;920;1100
1;112;1;1;0;920;1100
1;113;5;5;1;408;500
1;114;1;1;0;500;650
1;115;1;1;0;835;1000
1;116;0;0;0;527;700
1;117;0;0;0;527;700
1;118;0;0;0;527;700
1;119;6;6;1;1214;1450
1;120;0;0;1;1020;1250
1;121;0;0;1;1213;1450
1;122;10;10;1;1020;1250
1;123;1;1;0;4500;6500
1;124;0;0;0;3000;3600
1;125;18;18;0;794;1000
1;126;9;9;1;845;1100
1;127;0;0;0;841;1100
1;128;5;5;0;1071;1450
1;129;0;0;0;600;950
1;130;0;0;0;600;950
1;131;0;0;0;600;950
1;132;5;5;0;600;850
1;133;0;0;1;932;1150
1;134;2;2;1;1327;1600
1;135;9;9;1;2234;2800
1;136;11;11;1;1446;1850
1;137;2;2;1;932;1150
1;138;6;6;1;942;1350
1;139;0;0;1;1676;2300
1;140;2;2;1;1275;1650
1;141;20;20;0;541;1000
1;142;12;12;0;794;1000
1;143;5;5;0;911;1350
1;144;1;1;0;600;950
1;145;6;6;1;378;550
1;146;2;2;0;1660;2000
1;147;18;18;1;708;850
1;148;10;10;1;1287;1550
1;149;6;6;1;715;1050
1;150;1;1;0;830;1200
1;151;0;0;0;830;1200
1;152;0;0;0;1255;1550
1;153;2;2;0;222;300
1;154;4;4;0;270;375
1;155;0;0;0;270;375
1;156;5;5;0;267;400
1;157;38;38;1;165;250
1;158;7;7;1;331;450
1;159;8;8;1;332;450
1;160;1;1;1;498;700
1;161;2;2;1;715;1000
1;162;4;4;0;556;800
1;163;10;10;0;930;1300
1;164;2;2;0;2264;2300
1;165;9;9;1;416;500
1;166;11;11;1;793;1000
1;167;2;2;0;90;150
1;168;2;2;0;1115;1450
1;169;5;5;0;138;250
1;170;9;9;0;166;200
1;171;3;3;0;480;600
1;172;4;4;0;480;600
1;173;6;6;0;166;200
1;174;6;6;0;521;650
1;175;4;4;1;572;750
1;176;0;0;0;740;1000
1;177;1;1;0;608;825
1;178;3;3;0;0;750
1;179;10;10;0;276;375
1;180;4;4;0;276;375
1;181;0;0;1;700;1100
1;182;55;55;0;426;600
1;183;12;12;1;458;600
1;184;11;11;0;125;150
1;185;0;0;1;380;525
1;186;33;33;1;74;100
1;187;0;0;0;790;1100
1;188;7;7;0;554;850
1;189;0;0;0;580;700
1;190;14;14;0;993;1450
1;191;9;9;0;439;700
1;192;0;0;0;350;450
1;193;0;0;0;879;1100
1;194;5;5;0;1672;2000
1;195;1;1;0;348;450
1;196;0;0;0;1417;1700
1;197;16;16;0;43;100
1;198;17;17;1;52;100
1;199;17;17;1;74;100
1;200;11;11;0;85;100
1;201;18;18;0;80;100
1;202;68;68;0;35;50
1;203;8;8;0;0;50
1;204;58;58;0;0;50
1;205;68;68;0;35;50
1;206;19;19;0;791;1000
1;207;19;19;0;709;850
1;208;24;24;5;261;375
1;209;7;7;1;456;650
1;210;106;106;0;475;750
1;211;18;18;0;645;1200
1;212;5;5;0;1032;1400
1;213;0;0;0;350;475
1;214;6;6;0;499;675
1;215;6;6;0;166;400
1;216;6;6;1;688;850
1;217;4;4;1;795;1100
1;218;6;6;1;502;650
1;219;1;1;0;1;650
1;220;5;5;2;162;250
1;221;0;0;0;1000;2000
1;222;0;0;0;1500;2800
1;223;7;7;1;1197;1500
1;224;3;3;1;295;400
1;225;8;8;1;295;400
1;226;12;12;0;118;200
1;227;0;0;1;186;275
1;228;0;0;1;1168;1600
1;229;0;0;1;448;650
1;230;2;2;1;825;1150
1;231;1;1;1;326;450
1;232;13;13;1;330;400
1;233;5;5;0;409;500
1;234;0;0;0;590;750
1;235;29;29;1;75;100
1;236;2;2;0;329;500
1;237;2;2;0;448;600
1;238;2;2;0;539;750
1;239;2;2;0;869;1000
1;240;21;21;0;0;50
1;241;1;1;0;1;1600
1;242;6;6;0;618;1000
1;243;4;4;0;0;1000
1;244;8;8;0;2334;2850
1;245;7;7;1;1949;2375
1;246;11;11;0;631;800
1;247;4;4;0;375;650
1;248;0;0;0;3273;3500
1;249;10;10;1;198;300
1;250;16;16;0;333;400
1;251;4;4;0;446;575
1;252;4;4;0;333;400
1;253;1;1;0;1011;1450
1;254;2;2;0;1684;1800
1;255;17;17;5;85;150
1;256;0;0;0;0;1300
1;257;2;2;0;0;700
1;258;2;2;0;0;700
1;259;2;2;0;0;700
1;260;2;2;0;0;700
1;261;2;2;0;0;700
1;262;2;2;0;0;700
1;263;2;2;0;0;700
1;264;2;2;0;0;700
1;265;2;2;0;0;700
1;266;2;2;0;0;700
1;267;22;22;0;83;100
1;268;0;0;1;533;750
1;269;2;2;1;533;750
1;270;1;1;0;250;350
1;271;6;6;0;720;900
1;272;9;9;0;83;100
1;273;4;4;1;52;100
1;274;0;0;0;1439;1850
1;275;1;1;1;1075;2000
1;276;0;0;0;850;1200
1;277;0;0;0;541;650
1;278;21;21;0;73;100
1;279;11;11;0;234;500
1;280;1;1;0;367;1400
1;281;1;1;1;910;1150
1;282;0;0;0;681;950
1;283;2;2;0;700;950
1;284;1;1;1;301;450
1;285;1;1;1;774;950
1;286;4;4;0;1225;1700
1;287;7;7;0;1221;1700
1;288;2;2;0;1221;1700
1;289;0;0;0;1225;1700
1;290;1;1;0;836;1150
1;291;4;4;0;856;1300
1;292;12;12;1;111;175
1;293;3;3;1;111;175
1;294;1;1;1;1992;2750
1;295;2;2;1;1992;2750
1;296;12;12;1;111;175
1;297;2;2;1;1310;1850
1;298;9;9;0;791;1000
1;299;1;1;0;709;850
1;300;5;5;0;791;1000
1;301;29;29;1;1250;1650
1;302;19;19;0;834;1000
1;303;8;8;0;834;1000
1;304;35;35;0;1250;1650
1;305;10;10;0;791;1000
1;306;11;11;0;833;1000
1;307;2;2;0;1946;2700
1;308;1;1;0;259;750
1;309;15;15;0;200;2300
1;310;10;10;0;216;300
1;311;7;7;0;1282;200
1;312;59;59;0;25;50
1;313;5;5;0;23;50
1;314;9;9;0;392;500
1;315;3;3;0;650;900
1;316;4;4;0;343;500
1;317;1;1;0;343;500
1;318;2;2;0;746;900
1;319;8;8;0;577;600
1;320;5;5;1;516;700
1;321;2;2;0;916;1100
1;322;0;0;0;875;1100
1;323;24;24;1;300;300
1;324;0;0;0;3667;4400
1;325;3;3;1;1512;1850
1;326;7;7;0;375;450
1;327;7;7;0;375;450
1;328;34;34;1;94;150
1;329;1;1;0;551;700
1;330;9;9;0;700;1200
1;331;3;3;0;1187;1450
1;332;17;17;0;480;650
1;333;18;18;0;500;600
1;334;4;4;1;662;925
1;335;1;1;1;803;1100
1;336;4;4;0;1690;2300
1;337;14;14;1;315;450
1;338;8;8;0;315;450
1;339;21;21;0;83;100
1;340;4;4;0;2000;2200
1;341;8;8;0;2000;2200
1;342;2;2;0;2100;2350
1;343;5;5;0;1300;1500
1;344;0;0;0;1300;1500
1;345;14;14;0;1640;2100
1;346;6;6;1;533;750
1;347;0;0;1;296;405
1;348;6;6;1;296;450
1;349;12;12;1;296;450
1;350;15;15;1;293;450
1;351;6;6;1;296;450
1;352;10;10;5;164;250
1;353;4;4;0;289;375
1;354;10;10;0;210;275
1;355;9;9;1;359;475
1;356;10;10;0;140;250
1;357;2;2;0;221;350
1;358;6;6;0;385;600
1;359;0;0;0;1098;1400
1;360;0;0;0;451;675
1;361;1;1;0;811;1000
1;362;3;3;0;1350;1750
1;363;0;0;0;920;1300
1;364;2;2;1;356;475
1;365;1;1;0;1284;1600
1;366;4;4;0;1109;1350
1;367;9;9;1;996;200
1;368;23;23;0;1225;1500
1;369;41;41;1;333;400
1;370;5;5;0;1300;1800
1;371;47;47;1;1005;1250
1;372;38;38;0;250;300
1;373;8;8;1;1669;2000
1;374;41;41;1;209;250
1;375;0;0;0;708;800
1;376;34;34;1;375;450
1;377;5;5;1;334;400
1;378;31;31;1;709;850
1;379;31;31;1;459;650
1;380;26;26;1;709;850
1;381;14;14;1;334;400
1;382;16;16;0;208;300
1;383;1;1;0;390;650
1;384;1;1;0;497;650
1;385;4;4;1;700;850
1;386;6;6;0;1;450
1;387;2;2;0;1657;2100
1;388;1;1;0;1357;1850
1;389;0;0;1;2270;2800
1;390;1;1;1;3070;3750
1;391;6;6;0;324;450
1;392;0;0;0;278;450
1;393;2;2;0;286;450
1;394;2;2;0;1;1500
1;395;1;1;0;1;1700
1;396;0;0;0;1;1500
1;397;0;0;0;562;675
1;398;2;2;0;888;1150
1;399;0;0;0;1254;1350
1;400;0;0;0;898;1100
1;401;9;9;0;504;675
1;402;4;4;0;1783;1800
1;403;0;0;0;1250;1500
1;404;5;5;0;70;100
1;405;0;0;0;70;100
1;406;0;0;0;0;2000
1;407;12;12;0;186;250
1;408;3;3;0;186;250
1;409;1;1;0;395;500
1;410;6;6;0;200;350
1;411;0;0;1;0;750
1;412;2;2;1;548;775
1;413;2;2;1;864;1200
1;414;12;12;0;293;500
1;415;3;3;0;500;600
1;416;3;3;0;708;1000
1;417;5;5;0;568;800
1;418;0;0;0;2083;2500
1;419;1;1;0;539;800
1;420;19;19;0;653;800
1;421;67;67;2;70;125
1;422;46;46;1;70;125
1;423;72;72;1;70;125
1;424;48;48;1;0;125
1;425;3;3;0;326;500
1;426;1;1;0;1072;1600
1;427;22;22;0;80;100
1;428;9;9;0;80;100
1;429;20;20;0;480;650
1;430;18;18;0;80;100
1;431;1;1;0;254;350
1;432;6;6;0;224;600
1;433;0;0;0;860;1200
1;434;0;0;0;207;300
1;435;5;5;0;241;375
1;436;2;2;0;1;725
1;437;10;10;1;657;800
1;438;8;8;0;1187;1475
1;439;13;13;0;728;800
1;440;11;11;1;483;600
1;441;12;12;1;975;1200
1;442;8;8;0;1262;1350
1;443;5;5;1;1;1100
1;444;2;2;0;1;1100
1;445;5;5;1;512;650
1;446;3;3;0;448;700
1;447;0;0;0;500;700
1;448;1;1;1;774;950
1;449;26;26;0;710;850
1;450;7;7;0;1920;2200
1;451;11;11;0;1730;2000
1;452;10;10;0;1920;2100
1;453;5;5;0;1820;2100
1;454;10;10;1;184;250
1;455;18;18;0;80;100
1;456;5;5;0;546;700
1;457;2;2;0;1032;1400
1;458;2;2;0;516;700
1;459;2;2;0;413;600
1;460;2;2;0;778;950
1;461;3;3;0;0;375
1;462;3;3;1;1623;1975
1;463;2;2;0;150;200
1;464;4;4;0;150;200
1;465;10;10;0;125;150
1;466;15;15;0;149;250
1;467;0;0;0;509;850
1;468;0;0;0;0;700
1;469;1;1;0;509;850
1;470;1;1;0;500;700
1;471;0;0;0;500;700
1;472;11;11;0;72;175
1;473;4;4;1;973;1300
1;474;5;5;2;1456;1650
1;475;9;9;1;1637;1850
1;476;21;21;2;1826;2100
1;477;17;17;2;1826;2100
1;478;6;6;2;1826;2100
1;479;16;16;2;1826;2100
1;480;0;0;1;1637;1850
1;481;3;3;2;2100;2350
1;482;1;1;0;200;275
1;483;19;19;5;36;50
1;484;0;0;1;244;350
1;485;1;1;1;193;400
1;486;2;2;0;170;200
1;487;11;11;0;1170;1450
1;488;12;12;0;941;1150
1;489;2;2;1;1569;2100
1;490;0;0;0;1423;1750
1;491;7;7;1;345;450
1;492;12;12;0;166;300
1;493;6;6;0;208;300
1;494;5;5;1;1836;2100
1;495;2;2;0;1234;1500
1;496;2;2;0;1;2850
1;497;9;9;0;72;100
1;498;1;1;0;1;3600
1;499;1;1;0;1;11000
1;500;11;11;1;561;750
1;501;8;8;1;958;1300
1;502;2;2;0;1;2750
1;503;4;4;0;1065;1200
1;504;4;4;0;1856;2000
1;505;1;1;0;1;4450
1;506;1;1;0;2000;2800
1;507;1;1;0;2500;2750
1;508;1;1;0;1;3750
1;509;2;2;0;826;1200
1;510;2;2;1;295;400
1;511;2;2;1;295;400
1;512;82;82;1;21;50
1;513;20;20;0;800;50
1;514;0;0;0;2556;3500
1;515;2;2;0;1307;1575
1;516;2;2;0;1307;1575
1;517;1;1;0;443;600
1;518;2;2;0;1307;1575
1;519;1;1;0;541;675
1;520;3;3;0;1000;3500
1;521;2;2;0;422;1600
1;522;5;5;0;582;750
1;523;1;1;0;650;1000
1;524;3;3;1;2745;3750
1;525;1;1;1;2745;3750
1;526;8;8;1;2218;3100
1;527;5;5;0;1745;2525
1;528;5;5;0;175;500
1;529;5;5;0;357;500
1;530;6;6;0;357;500
1;531;0;0;0;626;1150
1;532;0;0;0;547;750
1;533;0;0;0;1014;1450
1;534;0;0;0;674;850
1;535;6;6;0;1295;1750
1;536;7;7;0;261;350
1;537;5;5;0;261;350
1;538;6;6;0;1;425
1;539;11;11;0;1;400
1;540;3;3;0;806;975
1;541;8;8;0;592;750
1;542;0;0;1;617;850
1;543;12;12;1;139;250
1;544;8;8;0;380;500
1;545;5;5;0;500;700
1;546;7;7;0;1345;1650
1;547;2;2;0;2041;2500
1;548;0;0;0;1950;2350
1;549;1;1;0;2452;3100
1;550;0;0;0;1950;2350
1;551;1;1;0;2254;2800
1;552;1;1;1;295;400
1;553;1;1;1;390;450
1;554;14;14;1;348;500
1;555;0;0;1;443;600
1;556;4;4;1;443;600
1;557;7;7;1;443;600
1;558;0;0;1;443;600
1;559;4;4;1;642;875
1;560;11;11;1;597;850
1;561;3;3;1;597;850
1;562;6;6;0;296;450
1;563;0;0;0;2250;2700
1;564;0;0;0;2250;2700
1;565;0;0;0;2250;2700
1;566;4;4;1;583;750
1;567;3;3;1;753;1100
1;568;0;0;0;1713;2100
1;569;3;3;1;336;500
1;570;2;2;0;531;650
1;571;4;4;1;1122;1400
1;572;4;4;0;2000;2750
1;573;0;0;0;4000;4500
1;574;1;1;0;2000;3850
1;575;0;0;0;1079;1400
1;576;2;2;0;937;1350
1;577;2;2;0;871;900
1;578;0;0;0;74;150
1;579;0;0;0;643;900
1;580;9;9;0;1769;1800
1;581;0;0;0;70;100
1;582;5;5;0;1;650
1;583;6;6;0;422;500
1;584;8;8;0;85;250
1;585;1;1;0;1776;2350
1;586;1;1;0;1795;2200
1;587;0;0;0;1727;2200
1;588;3;3;1;2901;3950
1;589;3;3;0;648;1000
1;590;3;3;0;648;1000
1;591;6;6;1;627;800
1;592;5;5;0;85;100
1;593;5;5;1;370;500
1;594;25;25;0;536;700
1;595;6;6;5;261;450
1;596;46;46;0;73;250
1;597;92;92;0;138;300
1;598;7;7;1;416;700
1;599;5;5;0;337;600
1;600;1;1;0;696;850
1;601;3;3;0;596;850
1;602;19;19;0;375;450
1;603;5;5;0;1667;2000
1;604;33;33;1;709;850
1;605;20;20;1;375;450
1;606;1;1;0;375;450
1;607;6;6;0;1667;2000
1;608;38;38;1;709;850
1;609;3;3;0;834;1100
1;610;24;24;1;375;450
1;611;43;43;1;709;850
1;612;6;6;0;1496;1750
1;613;1;1;0;771;950
1;614;4;4;0;301;500
1;615;4;4;0;301;500
1;616;10;10;0;301;500
1;617;4;4;1;264;375
1;618;4;4;1;286;450
1;619;1;1;0;1;12500
1;620;2;2;0;1582;2100
1;621;12;12;0;257;300
1;622;0;0;0;1;2500
1;623;0;0;0;1;2500
1;624;1;1;0;1;2500
1;625;3;3;0;326;500
1;626;9;9;1;375;450
1;627;5;5;1;1667;2000
1;628;40;40;1;709;850
1;629;4;4;0;1120;1300
1;630;2;2;0;834;1100
1;631;3;3;0;1126;1350
1;632;3;3;0;1126;1350
1;633;10;10;1;1159;1400
1;634;1;1;1;617;850
1;635;0;0;1;659;850
1;636;0;0;0;1117;1650
1;637;1;1;0;1313;1850
1;638;0;0;0;800;1100
1;639;0;0;1;445;600
1;640;0;0;1;444;600
1;641;5;5;1;671;950
1;642;12;12;1;44;600
1;643;6;6;0;738;950
1;644;1;1;1;444;600
1;645;0;0;0;420;600
1;646;4;4;0;420;600
1;647;9;9;1;1046;1300
1;648;1;1;0;800;1100
1;649;0;0;1;900;1100
1;650;5;5;1;814;1100
1;651;9;9;1;1090;1350
1;652;0;0;1;1135;1260
1;653;4;4;1;1046;1300
1;654;1;1;0;604;725
1;655;0;0;0;1536;1950
1;656;0;0;0;420;575
1;657;11;11;0;84;100
1;658;10;10;0;84;100
1;659;2;2;0;1536;1950
1;660;10;10;0;375;450
1;661;1;1;0;757;950
1;662;9;9;1;406;500
1;663;7;7;1;406;500
1;664;6;6;1;406;500
1;665;1;1;0;835;1100
1;666;0;0;0;835;1100
1;667;2;2;0;5000;6000
1;668;0;0;1;249;375
1;669;3;3;1;607;900
1;670;14;14;1;320;450
1;671;19;19;1;320;450
1;672;23;23;1;320;450
1;673;12;12;0;500;700
1;674;6;6;1;448;600
1;675;10;10;1;448;600
1;676;9;9;0;141;175
1;677;3;3;1;513;700
1;678;13;13;0;175;200
1;679;0;0;1;150;200
1;680;10;10;0;667;700
1;681;5;5;1;603;850
1;682;24;24;2;272;375
1;683;3;3;0;815;1200
1;684;1;1;0;377;600
1;685;3;3;0;815;1200
1;686;1;1;0;815;1200
1;687;0;0;1;95;150
1;688;3;3;0;343;550
1;689;1;1;0;1434;1750
1;690;5;5;0;635;850
1;691;2;2;0;653;1100
1;692;5;5;0;282;350
1;693;12;12;1;180;250
1;694;7;7;1;433;600
1;695;11;11;1;133;250
1;696;12;12;1;180;250
1;697;0;0;0;1064;1300
1;698;0;0;0;1006;1300
1;699;3;3;0;295;400
1;700;0;0;0;295;400
1;701;2;2;0;295;400
1;702;8;8;0;547;700
1;703;13;13;0;143;200
1;704;6;6;0;212;300
1;705;13;13;0;100;200
1;706;0;0;0;833;1000
1;707;3;3;0;549;700
1;708;1;1;1;170;250
1;709;7;7;1;95;150
1;710;0;0;0;1000;1200
1;711;5;5;1;569;750
1;712;3;3;0;295;400
1;713;6;6;1;554;775
1;714;4;4;1;736;975
1;715;2;2;1;422;575
1;716;0;0;0;354;700
1;717;1;1;0;285;600
1;718;2;2;1;666;900
1;719;13;13;1;794;900
1;720;5;5;1;665;900
1;721;10;10;1;665;900
1;722;0;0;1;665;900
1;723;8;8;1;666;900
1;724;14;14;5;71;150
1;725;1;1;1;675;1000
1;726;2;2;1;675;1000
1;727;1;1;1;675;1000
1;728;13;13;0;72;150
1;729;28;28;0;72;150
1;730;8;8;0;513;750
1;731;11;11;0;438;525
1;732;0;0;1;377;525
1;733;4;4;0;429;525
1;734;0;0;0;428;550
1;735;1;1;1;188;275
1;736;0;0;1;188;275
1;737;0;0;1;327;450
1;738;7;7;1;327;450
1;739;4;4;1;327;450
1;740;9;9;1;327;450
1;741;5;5;1;311;450
1;742;8;8;1;311;450
1;743;0;0;1;194;450
1;744;6;6;0;411;450
1;745;3;3;1;712;1000
1;746;3;3;1;709;850
1;747;6;6;1;1667;2000
1;748;4;4;1;375;450
1;749;0;0;0;1086;1350
1;750;1;1;0;85;150
1;751;12;12;0;85;150
1;752;12;12;0;85;150
1;753;12;12;0;100;150
1;754;7;7;0;85;150
1;755;4;4;0;262;500
1;756;6;6;0;391;550
1;757;1;1;0;391;550
1;758;0;0;0;391;500
1;759;4;4;0;461;550
1;760;1;1;0;391;550
1;761;31;31;0;40;50
1;762;7;7;0;391;550
1;763;7;7;0;391;550
1;764;7;7;0;391;550
1;765;2;2;0;391;550
1;766;7;7;0;391;550
1;767;3;3;0;70;100
1;768;2;2;0;391;550
1;769;1;1;0;1;3700
1;770;2;2;0;1;2500
1;771;1;1;0;2050;2700
1;772;1;1;0;2050;2750
1;773;3;3;0;391;550
1;774;1;1;1;1356;1800
1;775;18;18;0;161;300
1;776;0;0;0;1527;2000
1;777;6;6;0;590;750
1;778;17;17;1;100;200
1;779;9;9;1;101;150
1;780;0;0;0;1500;1800
1;781;10;10;0;39;75
1;782;11;11;0;39;75
1;783;8;8;0;39;75
1;784;24;24;0;161;300
1;785;10;10;1;118;150
1;786;23;23;1;72;150
1;787;3;3;0;295;400
1;788;3;3;1;815;1150
1;789;0;0;0;834;1100
1;790;0;0;0;456;800
1;791;4;4;1;121;200
1;792;5;5;1;100;200
1;793;5;5;0;1000;1200
1;794;15;15;0;123;150
1;795;1;1;0;1200;1500
1;796;0;0;0;1;12000
1;797;3;3;0;325;450
1;798;1;1;0;391;550
1;799;0;0;0;391;550
1;800;0;0;0;391;550
1;801;1;1;0;1;2850
1;802;1;1;0;750;900
1;803;3;3;0;709;900
1;804;100;100;1;1708;50
1;805;4;4;5;197;400
1;806;0;0;5;196;400
1;807;100;100;1;1708;50
1;808;11;11;5;197;400
1;809;10;10;0;200;400
1;810;13;13;5;197;400
1;811;10;10;1;197;400
1;812;1;1;0;645;825
1;813;1;1;0;765;1050
1;814;0;0;0;625;750
1;815;6;6;0;833;1000
1;816;27;27;0;75;150
1;817;0;0;0;3323;3500
1;818;10;10;0;778;800
1;819;28;28;0;991;1000
1;820;1;1;0;4242;5800
1;821;0;0;0;2556;3500
1;822;1;1;0;2297;3250
1;823;1;1;0;2297;3250
1;824;0;0;0;3667;4400
1;825;12;12;0;480;650
1;826;0;0;0;3323;3500
1;827;4;4;0;1011;1100
1;828;4;4;0;1111;1300
1;829;4;4;0;4794;5800
1;830;0;0;0;1086;1200
1;831;4;4;0;1701;2000
1;832;6;6;0;1106;1400
1;833;8;8;1;295;400
1;834;20;20;1;333;400
1;835;51;51;1;369;500
1;836;35;35;1;333;400
1;837;8;8;0;834;1050
1;838;20;20;1;333;400
1;839;17;17;0;333;400
1;840;4;4;0;1166;1450
1;841;1;1;0;2083;2500
1;842;39;39;5;292;400
1;843;16;16;1;546;700
1;844;4;4;1;1024;1250
1;845;8;8;1;500;650
1;846;13;13;5;240;300
1;847;12;12;0;911;1000
1;848;33;33;1;381;500
1;849;1;1;0;0;2000
1;850;1;1;1;1846;2250
1;851;3;3;0;582;850
1;852;6;6;0;1128;1400
1;853;6;6;0;331;475
1;854;5;5;0;327;500
1;855;1;1;0;2719;3300
1;856;1;1;0;2719;3300
1;857;13;13;0;197;400
1;858;12;12;0;197;400
1;859;4;4;0;656;850
1;860;2;2;0;10000;11500
1;861;1;1;0;8000;8900
1;862;0;0;0;7000;7500
1;863;4;4;0;340;450
1;864;2;2;0;340;450
1;865;5;5;0;340;450
1;866;4;4;0;340;450
1;867;3;3;0;340;450
1;868;1;1;0;340;450
1;869;5;5;0;340;450
1;870;1;1;0;2297;3250
1;871;1;1;0;3000;3200
1;872;10;10;1;553;750
1;873;1;1;0;4800;6700
1;874;1;1;0;4800;6700
1;875;0;0;0;792;950
1;876;15;15;0;1250;1650
1;877;108;108;1;752;950
1;878;31;31;0;1250;1650
1;879;92;92;1;752;950
1;880;5;5;0;74;100
1;881;4;4;0;1019;1650
1;882;1;1;0;1172;2100
1;883;8;8;0;1172;2100
1;884;4;4;0;730;1100
1;885;72;72;0;645;950
1;886;51;51;0;1250;1650
1;887;0;0;1;1227;1875
1;888;0;0;0;345;600
1;889;0;0;0;345;600
1;890;0;0;0;345;600
1;891;2;2;0;1379;1950
1;892;6;6;1;820;1000
1;893;1;1;0;348;575
1;894;1;1;0;541;675
1;895;1;1;0;1079;1500
1;896;3;3;0;1132;1500
1;897;5;5;0;622;900
1;898;0;0;0;730;1100
1;899;0;0;0;730;1100
1;900;0;0;0;730;1100
1;901;1;1;0;730;1100
1;902;3;3;0;739;1100
1;903;5;5;0;1077;1550
1;904;2;2;0;1077;1550
1;905;11;11;0;483;750
1;906;3;3;1;60742;850
1;907;5;5;1;617;850
1;908;6;6;0;211;450
1;909;2;2;0;160;300
1;910;5;5;0;160;300
1;911;1;1;0;160;300
1;912;11;11;0;685;925
1;913;0;0;0;769;1100
1;914;0;0;1;441;575
1;915;0;0;1;441;575
1;916;0;0;0;590;725
1;917;2;2;0;694;850
1;918;1;1;0;348;575
1;919;6;6;1;1689;2100
1;920;5;5;1;1689;2100
1;921;1;1;1;1689;2100
1;922;1;1;0;750;1000
1;923;10;10;0;468;700
1;924;9;9;0;469;700
1;925;1;1;0;712;1000
1;926;1;1;0;712;1000
1;927;3;3;0;530;700
1;928;4;4;1;416;600
1;929;1;1;0;636;875
1;930;0;0;0;499;700
1;931;5;5;0;525;650
1;932;0;0;1;707;1000
1;933;1;1;0;665;1000
1;934;26;26;1;333;450
1;935;15;15;1;417;600
1;936;21;21;1;334;450
1;937;2;2;0;2370;3300
1;938;2;2;0;2450;3350
1;939;1;1;0;1;1000
1;940;3;3;0;2650;3600
1;941;1;1;0;1;1000
1;942;4;4;0;745;1100
1;943;4;4;0;333;475
1;944;1;1;1;295;450
1;945;3;3;1;185;250
1;946;0;0;1;185;250
1;947;6;6;1;185;250
1;948;4;4;1;297;500
1;949;0;0;1;297;500
1;950;4;4;1;297;500
1;951;6;6;1;297;500
1;952;1;1;1;295;450
1;953;3;3;0;665;850
1;954;6;6;0;665;850
1;955;8;8;0;308;500
1;956;4;4;0;1243;1550
1;957;7;7;1;333;550
1;958;10;10;1;334;550
1;959;6;6;0;424;650
1;960;5;5;0;80;100
1;961;2;2;1;393;500
1;962;1;1;0;1250;1500
1;963;1;1;0;1250;1500
1;964;0;0;0;1;850
1;965;1;1;0;1;4800
1;966;1;1;0;1;4800
1;967;0;0;0;1;725
1;968;0;0;0;1;725
1;969;0;0;0;493;575
1;970;3;3;1;211;450
1;971;1;1;0;565;675
1;972;3;3;1;711;900
1;973;1;1;1;558;900
1;974;6;6;0;525;650
1;975;0;0;0;1800;2200
1;976;11;11;1;794;1000
1;977;58;58;10;200;400
1;978;6;6;1;725;1150
1;979;3;3;1;277;450
1;980;5;5;1;714;1150
1;981;8;8;1;481;775
1;982;14;14;1;627;1000
1;983;7;7;0;328;400
1;984;10;10;0;640;800
1;985;4;4;0;620;750
1;986;22;22;0;75;125
1;987;3;3;0;1363;1600
1;988;2;2;0;763;800
1;989;0;0;0;550;850
1;990;12;12;0;118;200
1;991;0;0;0;2102;2550
1;992;1;1;0;1887;2300
1;993;3;3;0;466;625
1;994;0;0;0;1218;1600
1;995;0;0;0;272;450
1;996;2;2;0;999;1300
1;997;0;0;0;550;850
1;998;7;7;0;944;1100
1;999;4;4;0;962;1150
1;1000;2;2;0;400;500
1;1001;6;6;0;885;1100
1;1002;1;1;0;2069;2550
1;1003;4;4;0;885;1100
1;1004;4;4;0;612;775
1;1005;10;10;0;827;1100
1;1006;2;2;0;720;850
1;1007;6;6;0;0;700
1;1008;47;47;0;25;50
1;1009;10;10;0;325;400
1;1010;3;3;0;325;400
1;1011;1;1;1;2135;2900
1;1012;2;2;1;2135;2900
1;1013;2;2;1;2135;2900
1;1014;6;6;0;4749;5800
1;1015;6;6;0;1103;1700
1;1016;4;4;0;2008;2100
1;1017;3;3;0;2008;2100
1;1018;2;2;0;1363;1600
1;1019;3;3;0;1363;1600
1;1020;2;2;0;2000;2300
1;1021;8;8;1;444;550
1;1022;3;3;0;1460;1800
1;1023;8;8;1;590;850
1;1024;3;3;0;806;1000
1;1025;3;3;1;295;450
1;1026;0;0;1;971;1200
1;1027;8;8;1;549;650
1;1028;6;6;1;299;350
1;1029;11;11;1;861;975
1;1030;21;21;1;360;425
1;1031;13;13;1;809;1200
1;1032;9;9;1;429;625
1;1033;4;4;1;850;1100
1;1034;3;3;1;951;1075
1;1035;12;12;1;955;1075
1;1036;4;4;1;873;975
1;1037;5;5;1;360;400
1;1038;16;16;1;579;750
1;1039;8;8;1;321;375
1;1040;2;2;1;656;750
1;1041;2;2;1;1750;1950
1;1042;2;2;1;788;900
1;1043;1;1;1;2349;2650
1;1044;8;8;1;850;1100
1;1045;9;9;0;414;600
1;1046;6;6;0;1080;1350
1;1047;9;9;1;507;650
1;1048;12;12;0;1;100
1;1049;4;4;0;1625;2200
1;1050;3;3;0;713;900
1;1051;3;3;0;1776;2000
1;1052;10;10;0;900;1500
1;1053;9;9;0;474;500
1;1054;1;1;0;1;2100
1;1055;1;1;1;1063;1250
1;1056;27;27;0;513;650
1;1057;5;5;0;80;100
1;1058;6;6;0;332;475
1;1059;1;1;0;465;550
1;1060;4;4;0;861;1100
1;1061;1;1;0;2100;2350
1;1062;3;3;0;2100;2300
1;1063;3;3;1;388;550
1;1064;4;4;1;387;500
1;1065;3;3;1;388;500
1;1066;7;7;0;83;100
1;1067;13;13;0;1333;1600
1;1068;13;13;0;1004;1250
1;1069;2;2;0;2307;2800
1;1070;3;3;0;643;775
1;1071;1;1;0;650;800
1;1072;1;1;0;668;1000
1;1073;0;0;0;83;100
1;1074;2;2;0;2100;2550
1;1075;2;2;0;2000;2400
1;1076;0;0;0;741;975
1;1077;4;4;0;741;975
1;1078;1;1;0;585;650
1;1079;2;2;1;1349;1550
1;1080;0;0;0;1348;1500
1;1081;1;1;1;1537;1725
1;1082;7;7;1;1174;1300
1;1083;2;2;0;1539;1825
1;1084;0;0;1;677;975
1;1085;6;6;1;1042;1300
1;1086;1;1;0;1196;1750
1;1087;0;0;0;1196;1750
1;1088;14;14;1;584;750
1;1089;4;4;0;1646;1900
1;1090;1;1;0;1470;1750
1;1091;0;0;0;1617;1950
1;1092;8;8;0;1032;1300
1;1093;0;0;0;1750;2100
1;1094;2;2;0;1388;1700
1;1095;3;3;0;1250;1750
1;1096;21;21;0;87;150
1;1097;4;4;0;151;200
1;1098;10;10;0;200;300
1;1099;3;3;0;1235;1550
1;1100;6;6;0;1326;1650
1;1101;0;0;0;1232;1550
1;1102;1;1;0;1270;1650
1;1103;2;2;0;0;700
1;1104;2;2;1;1336;1600
1;1105;6;6;1;334;450
1;1106;7;7;1;1000;1200
1;1107;3;3;1;1000;1200
1;1108;6;6;1;334;450
1;1109;7;7;1;1000;1200
1;1110;6;6;1;334;450
1;1111;0;0;1;13236;1600
1;1112;10;10;1;624;800
1;1113;5;5;1;626;800
1;1114;2;2;1;1336;1600
1;1115;8;8;0;1070;1400
1;1116;6;6;1;1037;1500
1;1117;1;1;0;222;300
1;1118;5;5;0;361;550
1;1119;3;3;0;234;350
1;1120;17;17;0;265;350
1;1121;5;5;1;377;450
1;1122;7;7;1;627;800
1;1123;3;3;1;1083;1300
1;1124;4;4;0;527;850
1;1125;1;1;0;1165;1700
1;1126;3;3;1;502;675
1;1127;5;5;0;960;1250
1;1128;1;1;0;870;1200
1;1129;3;3;0;1966;2000
1;1130;2;2;1;707;900
1;1131;0;0;0;805;1100
1;1132;7;7;0;889;1100
1;1133;0;0;1;435;575
1;1134;4;4;0;418;550
1;1135;2;2;1;257;350
1;1136;0;0;0;257;350
1;1137;8;8;1;377;450
1;1138;3;3;1;627;800
1;1139;9;9;1;501;750
1;1140;3;3;1;588;750
1;1141;3;3;0;2100;2400
1;1142;2;2;0;405;550
1;1143;17;17;0;667;800
1;1144;3;3;0;387;500
1;1145;0;0;0;630;975
1;1146;0;0;0;1475;1950
1;1147;4;4;1;474;650
1;1148;5;5;1;801;1100
1;1149;5;5;1;254;400
1;1150;2;2;0;1400;2300
1;1151;4;4;0;589;800
1;1152;0;0;0;1085;1300
1;1153;0;0;0;682;925
1;1154;7;7;0;405;550
1;1155;25;25;0;147;200
1;1156;2;2;0;1335;1600
1;1157;10;10;1;86;150
1;1158;8;8;0;125;150
1;1159;2;2;0;312;375
1;1160;2;2;0;500;600
1;1161;3;3;0;917;1100
1;1162;7;7;0;723;925
1;1163;13;13;0;80;100
1;1164;0;0;0;2083;2500
1;1165;4;4;0;0;500
1;1166;0;0;0;1198;1475
1;1167;3;3;0;1430;1500
1;1168;5;5;0;234;400
1;1169;6;6;0;882;900
1;1170;18;18;0;100;175
1;1171;6;6;0;220;300
1;1172;0;0;0;737;900
1;1173;60;60;0;188;350
1;1174;2;2;0;1012;1350
1;1175;2;2;0;1075;1450
1;1176;1;1;0;1092;1550
1;1177;4;4;0;1463;1850
1;1178;2;2;0;2206;3500
1;1179;2;2;0;1924;3600
1;1180;3;3;0;2157;3700
1;1181;2;2;0;2112;3800
1;1182;4;4;0;200;300
1;1183;0;0;0;583;700
1;1184;0;0;0;792;950
1;1185;0;0;0;208;250
1;1186;3;3;1;865;1200
1;1187;1;1;1;865;1200
1;1188;2;2;1;865;1200
1;1189;3;3;1;865;1200
1;1190;6;6;1;533;750
1;1191;3;3;0;200;350
1;1192;4;4;0;643;800
1;1193;5;5;0;70;100
1;1194;0;0;0;1751;2150
1;1195;3;3;0;2225;3100
1;1196;22;22;0;72;100
1;1197;12;12;0;72;100
1;1198;3;3;0;2789;2800
1;1199;3;3;0;3593;3600
1;1200;5;5;0;141;175
1;1201;2;2;0;645;875
1;1202;4;4;1;322;450
1;1203;6;6;1;697;900
1;1204;11;11;1;309;375
1;1205;8;8;1;671;850
1;1206;4;4;1;619;950
1;1207;11;11;1;195;300
1;1208;2;2;1;618;950
1;1209;6;6;1;619;950
1;1210;5;5;1;619;950
1;1211;2;2;1;619;950
1;1212;6;6;1;195;300
1;1213;14;14;1;195;300
1;1214;6;6;1;195;300
1;1215;0;0;0;200;300
1;1216;1;1;0;1;2100
1;1217;4;4;0;803;1000
1;1218;24;24;1;200;300
1;1219;7;7;0;1141;1550
1;1220;4;4;0;1126;1300
1;1221;0;0;0;797;1000
1;1222;3;3;1;505;750
1;1223;2;2;0;623;775
1;1224;1;1;1;623;775
1;1225;3;3;1;460;650
1;1226;3;3;1;1025;1500
1;1227;1;1;0;3000;3850
1;1228;2;2;1;332;450
1;1229;1;1;0;4000;4100
1;1230;1;1;0;150;250
1;1231;22;22;0;150;250
1;1232;9;9;0;150;250
1;1233;33;33;0;1788;2250
1;1234;3;3;0;834;1100
1;1235;2;2;0;359;500
1;1236;30;30;0;310;450
1;1237;4;4;0;1270;1525
1;1238;1;1;0;288;350
1;1239;0;0;0;369;700
1;1240;1;1;0;974;1500
1;1241;3;3;0;2196;2650
1;1242;2;2;0;2213;2900
1;1243;6;6;0;549;750
1;1244;9;9;0;80;100
1;1245;5;5;0;166;200
1;1246;16;16;0;1727;2100
1;1247;2;2;0;1042;1250
1;1248;1;1;0;1500;1800
1;1249;1;1;0;1500;1800
1;1250;1;1;0;1472;1800
1;1251;0;0;0;1472;1800
1;1252;1;1;0;1939;2450
1;1253;3;3;0;650;800
1;1254;3;3;0;400;650
1;1255;6;6;0;500;675
1;1256;7;7;0;387;525
1;1257;8;8;0;400;650
1;1258;3;3;0;500;650
1;1259;3;3;0;937;1200
1;1260;5;5;0;231;350
1;1261;58;58;1;319;450
1;1262;28;28;1;319;450
1;1263;32;32;1;319;450
1;1264;4;4;1;319;450
1;1265;2;2;1;1182;1650
1;1266;4;4;1;1182;1650
1;1267;91;91;0;80;100
1;1268;2;2;0;80;100
1;1269;4;4;0;417;500
1;1270;8;8;0;416;500
1;1271;10;10;0;1000;1300
1;1272;3;3;0;365;550
1;1273;0;0;0;470;650
1;1274;0;0;0;556;675
1;1275;3;3;0;1331;1400
1;1276;0;0;0;825;1000
1;1277;6;6;1;516;700
1;1278;3;3;0;1250;1500
1;1279;2;2;0;1106;1500
1;1280;2;2;0;600;750
1;1281;2;2;0;600;750
1;1282;35;35;0;201;300
1;1283;4;4;0;1106;1575
1;1284;0;0;0;200;250
1;1285;10;10;0;208;250
1;1286;9;9;0;200;250
1;1287;8;8;0;208;250
1;1288;18;18;0;208;250
1;1289;1;1;0;1120;1500
1;1290;5;5;0;766;950
1;1291;6;6;0;854;900
1;1292;0;0;1;1163;1400
1;1293;1;1;1;1347;1650
1;1294;1;1;1;1546;1900
1;1295;6;6;1;895;1100
1;1296;2;2;1;1394;1700
1;1297;0;0;0;481;650
1;1298;7;7;0;83;100
1;1299;24;24;5;145;200
1;1300;43;43;0;165;250
1;1301;10;10;1;249;400
1;1302;6;6;1;248;400
1;1303;15;15;0;550;800
1;1304;3;3;0;1;725
1;1305;2;2;0;500;725
1;1306;4;4;0;1;725
1;1307;0;0;0;1;2650
1;1308;12;12;0;118;400
1;1309;12;12;0;65;300
1;1310;0;0;0;650;1000
1;1311;10;10;1;1166;1400
1;1312;1;1;1;1416;1750
1;1313;4;4;1;625;800
1;1314;32;32;1;458;600
1;1315;15;15;1;377;500
1;1316;8;8;0;2200;3000
1;1317;0;0;0;700;950
1;1318;1;1;1;1775;2100
1;1319;5;5;1;500;700
1;1320;1;1;0;406;550
1;1321;0;0;0;312;450
1;1322;20;20;0;197;250
1;1323;27;27;0;197;250
1;1324;0;0;0;1086;1200
1;1325;0;0;0;1167;1400
1;1326;2;2;0;1783;1800
1;1327;0;0;0;1167;1400
1;1328;1;1;0;1;1700
1;1329;2;2;0;553;825
1;1330;18;18;0;230;300
1;1331;2;2;0;283;600
1;1332;3;3;0;1236;1500
1;1333;3;3;0;1113;1350
1;1334;0;0;0;380;500
1;1335;0;0;1;105;250
1;1336;6;6;1;105;250
1;1337;17;17;0;400;500
1;1338;8;8;0;80;100
1;1339;0;0;0;417;500
1;1340;2;2;0;166;200
1;1341;6;6;1;80;100
1;1342;0;0;0;654;800
1;1343;1;1;0;208;300
1;1344;9;9;1;713;900
1;1345;12;12;0;118;200
1;1346;11;11;1;85;125
1;1347;0;0;1;807;1100
1;1348;12;12;1;664;950
1;1349;8;8;1;665;850
1;1350;12;12;0;700;950
1;1351;6;6;0;792;950
1;1352;4;4;0;130;150
1;1353;4;4;0;1297;1450
1;1354;60;60;0;1;100
1;1355;60;60;0;1;100
1;1356;0;0;0;1;700
1;1357;30;30;0;1;200
1;1358;12;12;0;200;500
1;1359;3;3;0;1647;1700
1;1360;3;3;0;1182;1650
1;1361;3;3;0;504;950
1;1362;3;3;0;972;1200
1;1363;3;3;0;972;1200
1;1364;2;2;0;972;1200
1;1365;1;1;0;632;950
1;1366;0;0;0;971;1200
1;1367;6;6;0;792;950
1;1368;4;4;0;300;400
1;1369;7;7;1;445;650
1;1370;6;6;1;445;650
1;1371;7;7;1;445;650
1;1372;17;17;5;136;175
1;1373;0;0;0;428;850
1;1374;8;8;2;570;775
1;1375;0;0;0;541;725
1;1376;2;2;0;2034;2450
1;1377;0;0;0;541;675
1;1378;0;0;0;541;675
1;1379;3;3;0;1861;2600
1;1380;3;3;0;1095;1350
1;1381;3;3;0;476;650
1;1382;0;0;0;0;725
1;1383;1;1;0;1;550
1;1384;1;1;0;1;550
1;1385;14;14;0;506;650
1;1386;3;3;0;2773;2850
1;1387;22;22;0;80;100
1;1388;0;0;1;390;575
1;1389;2;2;1;441;575
1;1390;3;3;0;1685;2300
1;1391;0;0;0;1;250
1;1392;0;0;1;400;650
1;1393;2;2;1;1382;1875
1;1394;3;3;1;1382;1875
1;1395;7;7;1;1073;1600
1;1396;2;2;1;1074;1450
1;1397;2;2;0;811;1100
1;1398;0;0;0;916;1100
1;1399;1;1;1;918;2050
1;1400;1;1;1;664;900
1;1401;25;25;0;100;175
1;1402;6;6;1;332;450
1;1403;49;49;10;100;300
1;1404;4;4;0;716;1050
1;1405;5;5;0;1050;1650
1;1406;41;41;0;280;1000
1;1407;4;4;5;241;500
1;1408;3;3;0;1195;1450
1;1409;6;6;1;320;450
1;1410;1;1;0;200;550
1;1411;1;1;0;787;975
1;1412;0;0;0;367;500
1;1413;4;4;0;1562;1900
1;1414;0;0;1;1672;2100
1;1415;0;0;1;1672;2100
1;1416;6;6;0;1193;1300
1;1417;3;3;1;2614;3150
1;1418;1;1;0;292;350
1;1419;2;2;0;250;300
1;1420;2;2;0;360;400
1;1421;7;7;1;385;550
1;1422;12;12;0;147;200
1;1423;32;32;0;405;550
1;1424;8;8;0;147;200
1;1425;2;2;0;682;925
1;1426;3;3;0;405;550
1;1427;11;11;0;147;200
1;1428;2;2;0;405;550
1;1429;2;2;0;682;925
1;1430;5;5;0;1118;1350
1;1431;166;166;0;640;950
1;1432;1;1;0;100;200
1;1433;16;16;0;406;550
1;1434;1;1;0;1;1450
1;1435;4;4;0;1;1800
1;1436;3;3;0;1482;1850
1;1437;6;6;0;553;700
1;1438;0;0;1;386;550
1;1439;0;0;1;390;600
1;1440;10;10;0;73;125
1;1441;1;1;0;1880;2275
1;1442;0;0;0;7000;8000
1;1443;1;1;0;1300;2100
1;1444;3;3;0;1115;1200
1;1445;10;10;1;203;400
1;1446;38;38;1;74;100
1;1447;5;5;1;516;700
1;1448;15;15;0;80;100
1;1449;0;0;0;875;1050
1;1450;1;1;0;875;1050
1;1451;4;4;0;600;750
1;1452;1;1;0;1;2950
1;1453;0;0;1;1;2950
1;1454;0;0;0;1;2800
1;1455;1;1;0;1405;1850
1;1456;3;3;1;459;700
1;1457;2;2;1;219;350
1;1458;0;0;1;1032;1500
1;1459;2;2;1;959;1400
1;1460;43;43;1;60;100
1;1461;2;2;1;423;600
1;1462;3;3;1;1008;1250
1;1463;2;2;1;542;650
1;1464;4;4;0;848;1300
1;1465;0;0;0;2083;2500
1;1466;18;18;0;57;100
1;1467;0;0;0;295;400
1;1468;1;1;0;295;400
1;1469;3;3;0;700;750
1;1470;17;17;0;83;100
1;1471;9;9;0;83;100
1;1472;3;3;0;700;750
1;1473;12;12;0;83;100
1;1474;11;11;0;83;100
1;1475;2;2;0;295;400
1;1476;0;0;0;666066;800
1;1477;97;97;0;84;150
1;1478;34;34;0;75;150
1;1479;1;1;0;364;500
1;1480;8;8;1;782;1000
1;1481;11;11;0;1563;2200
1;1482;1;1;0;1046;1500
1;1483;0;0;0;334;600
1;1484;1;1;0;334;600
1;1485;0;0;0;1046;1500
1;1486;1;1;0;1046;1500
1;1487;7;7;0;592;750
1;1488;6;6;0;1563;1850
1;1489;7;7;0;592;750
1;1490;4;4;0;535;650
1;1491;33;33;0;375;450
1;1492;1;1;0;80;100
1;1493;5;5;0;333;400
1;1494;9;9;0;320;400
1;1495;5;5;0;517;850
1;1496;1;1;0;1009;2100
1;1497;0;0;1;851;1100
1;1498;7;7;1;850;1100
1;1499;5;5;0;685;900
1;1500;4;4;0;515;650
1;1501;6;6;0;685;900
1;1502;18;18;0;395;600
1;1503;4;4;0;1170;1650
1;1504;0;0;0;7000;8500
1;1505;0;0;0;7000;8500
1;1506;8;8;0;148;200
1;1507;2;2;0;430;550
1;1508;1;1;0;791;950
1;1509;1;1;0;916;1100
1;1510;0;0;0;405;550
1;1511;0;0;0;771;925
1;1512;1;1;1;1623;2325
1;1513;8;8;1;465;675
1;1514;0;0;0;1;2800
1;1515;4;4;1;405;550
1;1516;3;3;0;460;550
1;1517;0;0;0;405;550
1;1518;2;2;0;572;800
1;1519;0;0;0;1042;1250
1;1520;1;1;0;682;875
1;1521;0;0;0;1521;1850
1;1522;0;0;0;833;1000
1;1523;1;1;1;258;300
1;1524;0;0;0;2436;3000
1;1525;28;28;0;70;100
1;1526;3;3;0;70;100
1;1527;3;3;1;279;500
1;1528;12;12;1;558;1000
1;1529;19;19;0;278;500
1;1530;0;0;0;1;725
1;1531;6;6;1;1197;1500
1;1532;6;6;0;1286;1800
1;1533;1;1;0;1;12000
1;1534;0;0;0;1;5000
1;1535;6;6;0;141;175
1;1536;3;3;0;645;875
1;1537;2;2;0;774;1050
1;1538;0;0;0;2223;2850
1;1539;0;0;0;2114;2700
1;1540;9;9;0;1260;1650
1;1541;0;0;0;724;975
1;1542;6;6;0;260;575
1;1543;0;0;0;667;800
1;1544;0;0;0;1866;2850
1;1545;11;11;0;1373;1800
1;1546;0;0;0;463;700
1;1547;3;3;0;144;300
1;1548;6;6;0;144;300
1;1549;0;0;0;100;250
1;1550;2;2;0;2005;2450
1;1551;15;15;2;291;375
1;1552;2;2;1;322;400
1;1553;3;3;1;291;400
1;1554;21;21;1;179;275
1;1555;30;30;0;165;250
1;1556;1;1;0;2032;2450
1;1557;0;0;0;1390;1900
1;1558;0;0;0;1295;1500
1;1559;0;0;0;1625;1950
1;1560;0;0;0;2233;2700
1;1561;1;1;0;677;850
1;1562;0;0;0;2136;2600
1;1563;0;0;1;460;600
1;1564;0;0;0;2650;3200
1;1565;1;1;0;2650;3200
1;1566;0;0;1;987;1275
1;1567;3;3;0;128;200
1;1568;1;1;0;1000;1200
1;1569;5;5;0;275;375
1;1570;1;1;0;275;375
1;1571;1;1;0;1561;1875
1;1572;8;8;0;275;375
1;1573;5;5;0;275;375
1;1574;2;2;0;650;900
1;1575;2;2;0;2065;2500
1;1576;0;0;0;1473;2100
1;1577;1;1;0;777;1100
1;1578;5;5;0;275;375
1;1579;0;0;0;818;1175
1;1580;4;4;0;671;875
1;1581;4;4;0;1013;1350
1;1582;4;4;0;1046;1250
1;1583;6;6;0;280;450
1;1584;2;2;1;933;1200
1;1585;0;0;0;4000;5500
1;1586;3;3;0;300;450
1;1587;5;5;0;300;450
1;1588;0;0;0;300;450
1;1589;2;2;0;300;450
1;1590;5;5;0;360;500
1;1591;3;3;0;958;1000
1;1592;4;4;0;958;1000
1;1593;9;9;0;474;575
1;1594;1;1;0;771;950
1;1595;1;1;0;1275;1750
1;1596;2;2;0;1458;1750
1;1597;6;6;0;154;200
1;1598;3;3;0;1670;2000
1;1599;8;8;0;657;900
1;1600;8;8;0;449;700
1;1601;6;6;1;667;850
1;1602;5;5;1;533;750
1;1603;2;2;1;1200;1650
1;1604;46;46;10;1500;2100
1;1605;6;6;1;459;625
1;1606;45;45;1;559;775
1;1607;6;6;1;725;1000
1;1608;6;6;1;563;775
1;1609;3;3;1;351;450
1;1610;2;2;0;520;750
1;1611;3;3;0;520;750
1;1612;14;14;0;458;550
1;1613;0;0;1;2003;2750
1;1614;90;90;1;84;125
1;1615;48;48;2;82;125
1;1616;24;24;2;70;125
1;1617;3;3;1;3600;4000
1;1618;24;24;2;70;125
1;1619;1;1;1;1895;2600
1;1620;1;1;0;1;3500
1;1621;9;9;0;4750;5700
1;1622;0;0;0;1250;1500
1;1623;13;13;1;990;1400
1;1624;2;2;0;417;500
1;1625;4;4;0;950;1250
1;1626;10;10;1;709;850
1;1627;20;20;0;48;100
1;1628;7;7;0;653;800
1;1629;4;4;0;395;550
1;1630;16;16;0;125;150
1;1631;4;4;0;70;125
1;1632;1;1;0;1213;1650
1;1633;1;1;0;70;125
1;1634;3;3;0;222;300
1;1635;2;2;0;223;400
1;1636;2;2;0;70;125
1;1637;3;3;1;507;650
1;1638;4;4;0;297;450
1;1639;27;27;0;5;250
1;1640;5;5;0;5;250
1;1641;21;21;0;172;250
1;1642;2;2;0;1176;1450
1;1643;1;1;0;816;1075
1;1644;5;5;0;914;1200
1;1645;3;3;0;816;1075
1;1646;25;25;0;208;250
1;1647;0;0;0;1862;2250
1;1648;0;0;0;449;600
1;1649;3;3;0;954;1000
1;1650;3;3;0;954;1000
1;1651;2;2;0;894;1000
1;1652;12;12;0;62;150
1;1653;4;4;0;1566;1850
1;1654;4;4;0;175;325
1;1655;7;7;0;494;750
1;1656;0;0;0;50;1150
1;1657;11;11;0;50;1150
1;1658;0;0;1;1200;1550
1;1659;5;5;0;2650;3200
1;1660;4;4;1;797;1050
1;1661;3;3;1;503;700
1;1662;5;5;1;880;1200
1;1663;7;7;1;540;750
1;1664;6;6;1;1033;1400
1;1665;4;4;1;683;900
1;1666;13;13;1;288;400
1;1667;3;3;1;683;900
1;1668;11;11;1;288;400
1;1669;5;5;1;683;900
1;1670;2;2;1;288;400
1;1671;8;8;1;571;750
1;1672;6;6;1;345;450
1;1673;0;0;0;2040;3000
1;1674;6;6;0;450;700
1;1675;4;4;0;300;45
1;1676;3;3;1;395;750
1;1677;5;5;0;450;700
1;1678;6;6;1;339;500
1;1679;1;1;1;5000;11000
1;1680;1;1;0;1;2900
1;1681;3;3;0;1619;2000
1;1682;3;3;1;698;850
1;1683;0;0;0;1;7800
1;1684;1;1;0;990;1500
1;1685;12;12;0;990;1400
1;1686;3;3;0;1200;1500
1;1687;11;11;0;990;1400
1;1688;2;2;0;8000;12500
1;1689;0;0;0;1;725
1;1690;3;3;0;71;125
1;1691;11;11;1;174;250
1;1692;9;9;1;330;450
1;1693;17;17;1;330;450
1;1694;10;10;0;373;450
1;1695;0;0;0;292;550
1;1696;7;7;0;329;550
1;1697;27;27;1;300;550
1;1698;1;1;0;329;550
1;1699;10;10;0;300;550
1;1700;23;23;0;290;550
1;1701;0;0;0;290;550
1;1702;1;1;0;72;125
1;1703;0;0;0;72;125
1;1704;0;0;1;1376;1900
1;1705;7;7;1;295;450
1;1706;6;6;0;1163;1400
1;1707;3;3;0;259;400
1;1708;4;4;0;259;400
1;1709;2;2;0;7000;7900
1;1710;1;1;0;100;150
1;1711;6;6;0;208;300
1;1712;7;7;0;214;350
1;1713;10;10;0;214;350
1;1714;5;5;0;258;350
1;1715;2;2;0;1367;1750
1;1716;1;1;0;1;3100
1;1717;6;6;0;1;725
1;1718;2;2;0;1367;1900
1;1719;12;12;0;637;850
1;1720;3;3;1;259;350
1;1721;0;0;1;738;1100
1;1722;2;2;1;371;550
1;1723;0;0;1;2153;3100
1;1724;1;1;0;723;2650
1;1725;5;5;2;132;225
1;1726;19;19;0;188;225
1;1727;13;13;2;132;225
1;1728;10;10;1;132;225
1;1729;16;16;2;132;225
1;1730;18;18;2;132;225
1;1731;20;20;2;132;225
1;1732;4;4;2;132;225
1;1733;19;19;2;132;225
1;1734;24;24;2;132;225
1;1735;36;36;2;132;225
1;1736;20;20;2;132;225
1;1737;0;0;0;696;850
1;1738;3;3;1;490;700
1;1739;23;23;0;111;150
1;1740;4;4;0;125;150
1;1741;2;2;0;125;150
1;1742;29;29;0;125;150
1;1743;33;33;0;83;100
1;1744;3;3;0;1207;1700
1;1745;3;3;0;1207;1700
1;1746;2;2;0;3295;5000
1;1747;1;1;0;913;1225
1;1748;1;1;0;1166;1550
1;1749;4;4;0;538;750
1;1750;3;3;0;434;600
1;1751;4;4;0;500;600
1;1752;1;1;0;1166;1550
1;1753;2;2;0;1166;1550
1;1754;23;23;0;815;1100
1;1755;4;4;0;207;300
1;1756;4;4;0;241;350
1;1757;1;1;0;1;12000
1;1758;0;0;0;5000;12000
1;1759;0;0;0;5000;12000
1;1760;7;7;0;2303;2400
1;1761;4;4;0;2573;2600
1;1762;14;14;2;345;500
1;1763;2;2;0;797;1200
1;1764;3;3;0;310;600
1;1765;3;3;0;532;850
1;1766;3;3;0;532;850
1;1767;3;3;0;532;850
1;1768;3;3;0;532;850
1;1769;3;3;0;532;850
1;1770;1;1;0;1580;1900
1;1771;1;1;0;479;750
1;1772;0;0;0;362;550
1;1773;5;5;0;85201;1200
1;1774;4;4;0;1415;2100
1;1775;1;1;0;1170;1700
1;1776;6;6;0;1408;1700
1;1777;1;1;0;1;3520
1;1778;2;2;0;1795;2200
1;1779;18;18;0;73;100
1;1780;1;1;0;1398;1700
1;1781;2;2;0;735;1000
1;1782;7;7;0;535;700
1;1783;9;9;0;74;100
1;1784;1;1;0;1000;1200
1;1785;3;3;0;1183;1500
1;1786;0;0;0;385;500
1;1787;5;5;0;1300;1500
1;1788;2;2;0;700;900
1;1789;5;5;0;516;750
1;1790;20;20;0;83;100
1;1791;0;0;0;1027;1300
1;1792;1;1;0;750;900
1;1793;1;1;0;608;1000
1;1794;3;3;0;1083;1300
1;1795;1;1;0;590;850
1;1796;2;2;0;2708;3300
1;1797;3;3;0;528;650
1;1798;1;1;0;570;700
1;1799;12;12;2;217;400
1;1800;11;11;1;216;400
1;1801;6;6;2;217;400
1;1802;6;6;0;77;100
1;1803;13;13;2;217;400
1;1804;12;12;1;539;750
1;1805;22;22;1;539;750
1;1806;6;6;1;539;750
1;1807;8;8;2;217;400
1;1808;20;20;1;203;300
1;1809;5;5;1;516;700
1;1810;2;2;0;834;1000
1;1811;1;1;0;917;1100
1;1812;3;3;0;227;325
1;1813;4;4;0;227;325
1;1814;2;2;0;227;325
1;1815;2;2;1;701;950
1;1816;6;6;1;260;350
1;1817;0;0;1;813;1150
1;1818;10;10;1;701;950
1;1819;13;13;1;260;350
1;1820;14;14;1;371;500
1;1821;13;13;1;518;750
1;1822;11;11;1;260;350
1;1823;11;11;1;371;500
1;1824;9;9;1;518;750
1;1825;11;11;1;371;500
1;1826;1;1;1;738;1050
1;1827;5;5;1;701;950
1;1828;3;3;1;738;1050
1;1829;9;9;0;1033;1250
1;1830;0;0;1;260;350
1;1831;0;0;1;959;1300
1;1832;11;11;1;371;450
1;1833;16;16;1;518;750
1;1834;0;0;1;518;750
1;1835;1;1;1;959;1300
1;1836;5;5;0;1000;1250
1;1837;12;12;1;371;500
1;1838;6;6;0;518;750
1;1839;8;8;0;1041;1250
1;1840;0;0;1;959;1300
1;1841;7;7;1;701;950
1;1842;0;0;1;738;1050
1;1843;10;10;0;1033;1250
1;1844;0;0;1;959;1300
1;1845;8;8;0;1033;1250
1;1846;1;1;1;959;1300
1;1847;4;4;0;391;550
1;1848;2;2;0;391;550
1;1849;48;48;5;110;175
1;1850;6;6;0;2000;200
1;1851;4;4;0;3614;4900
1;1852;3;3;1;534;750
1;1853;12;12;0;650;800
1;1854;2;2;0;1271;1550
1;1855;3;3;0;258;350
1;1856;1;1;0;258;350
1;1857;1;1;0;258;350
1;1858;1;1;1;87000;122500
1;1859;5;5;0;475;600
1;1860;6;6;0;208;300
1;1861;6;6;0;119;200
1;1862;3;3;0;1033;1250
1;1863;3;3;1;498;1400
1;1864;3;3;1;498;1400
1;1865;2;2;1;498;1400
1;1866;2;2;0;2085;2500
1;1867;2;2;0;2085;2500
1;1868;2;2;0;2085;2500
1;1869;4;4;0;1920;2300
1;1870;2;2;1;452;750
1;1871;1;1;0;500;600
1;1872;8;8;0;500;600
1;1873;4;4;0;1833;3200
1;1874;0;0;0;1170;1400
1;1875;9;9;0;1260;1750
1;1876;1;1;0;3500;3850
1;1877;0;0;0;1170;1400
1;1878;1;1;0;1298;1650
1;1879;6;6;1;516;700
1;1880;8;8;0;70;100
1;1881;0;0;0;874;1000
1;1882;0;0;0;874;1000
1;1883;14;14;0;141;200
1;1884;2;2;0;645;875
1;1885;7;7;0;428;600
1;1886;4;4;0;500;600
1;1887;6;6;0;500;600
1;1888;6;6;0;500;600
1;1889;4;4;0;500;600
1;1890;2;2;0;500;600
1;1891;3;3;0;1435;1800
1;1892;4;4;0;500;600
1;1893;4;4;0;500;600
1;1894;0;0;0;960;1300
1;1895;0;0;0;961;1300
1;1896;6;6;0;388;1000
1;1897;0;0;0;961;1300
1;1898;18;18;0;92;250
1;1899;12;12;0;155;300
1;1900;11;11;0;446;575
1;1901;0;0;0;2083;2500
1;1902;4;4;0;737;1650
1;1903;4;4;1;690;950
1;1904;4;4;0;555;800
1;1905;6;6;0;372;450
1;1906;0;0;0;372;450
1;1907;0;0;0;398;550
1;1908;1;1;0;332;450
1;1909;1;1;0;331;400
1;1910;8;8;1;345;550
1;1911;4;4;0;483;650
1;1912;2;2;0;962;1250
1;1913;1;1;0;935;1250
1;1914;1;1;1;1950;2375
1;1915;3;3;0;680;750
1;1916;2;2;0;2122;2300
1;1917;1;1;1;2795;3100
1;1918;8;8;0;861;1100
1;1919;5;5;0;861;1100
1;1920;0;0;0;20833;25000
1;1921;2;2;0;1783;1800
1;1922;0;0;1;248;450
1;1923;5;5;0;1130;1350
1;1924;2;2;0;1;6800
1;1925;2;2;1;1961;2400
1;1926;4;4;1;405;650
1;1927;7;7;1;405;650
1;1928;4;4;1;584;800
1;1929;8;8;1;292;400
1;1930;13;13;0;250;350
1;1931;1;1;0;1665;2100
1;1932;4;4;0;1180;1450
1;1933;8;8;0;810;1000
1;1934;3;3;0;1;750
1;1935;0;0;0;1;725
1;1936;2;2;0;380;725
1;1937;7;7;0;1;750
1;1938;3;3;0;1884;2100
1;1939;3;3;0;1884;2100
1;1940;1;1;0;210;450
1;1941;2;2;0;210;450
1;1942;2;2;1;485;700
1;1943;0;0;1;485;675
1;1944;0;0;1;464;675
1;1945;4;4;1;485;700
1;1946;3;3;0;1217;1650
1;1947;3;3;0;417;500
1;1948;34;34;0;80;100
1;1949;37;37;0;80;100
1;1950;0;0;0;83;100
1;1951;5;5;0;125;200
1;1952;10;10;0;250;300
1;1953;0;0;0;80;100
1;1954;3;3;0;83;100
1;1955;6;6;0;80;100
1;1956;0;0;0;458;550
1;1957;11;11;0;83;100
1;1958;3;3;1;642;875
1;1959;2;2;0;390;500
1;1960;11;11;0;250;300
1;1961;3;3;0;70;100
1;1962;22;22;0;80;100
1;1963;16;16;0;131;175
1;1964;3;3;0;2291;2750
1;1965;6;6;1;1054;1500
1;1966;30;30;0;148;200
1;1967;0;0;0;166;200
1;1968;0;0;0;690;750
1;1969;36;36;0;166;200
1;1970;0;0;0;295;400
1;1971;7;7;0;167;200
1;1972;3;3;0;148;200
1;1973;2;2;1;662;925
1;1974;0;0;0;1230;1550
1;1975;1;1;0;1500;2000
1;1976;1;1;0;1579;2000
1;1977;2;2;0;1;3200
1;1978;1;1;0;2334;2900
1;1979;0;0;0;1;3100
