-- phpMyAdmin SQL Dump
-- version 5.1.1
-- https://www.phpmyadmin.net/
--
-- Servidor: 127.0.0.1
-- Tiempo de generación: 16-01-2022 a las 00:36:59
-- Versión del servidor: 10.4.22-MariaDB
-- Versión de PHP: 8.1.1

SET SQL_MODE = "NO_AUTO_VALUE_ON_ZERO";
START TRANSACTION;
SET time_zone = "+00:00";


/*!40101 SET @OLD_CHARACTER_SET_CLIENT=@@CHARACTER_SET_CLIENT */;
/*!40101 SET @OLD_CHARACTER_SET_RESULTS=@@CHARACTER_SET_RESULTS */;
/*!40101 SET @OLD_COLLATION_CONNECTION=@@COLLATION_CONNECTION */;
/*!40101 SET NAMES utf8mb4 */;

--
-- Base de datos: `laura_walmart`
--

-- --------------------------------------------------------

--
-- Estructura de tabla para la tabla `detalle_ordenes`
--

CREATE TABLE `detalle_ordenes` (
  `id_detalle` int(11) NOT NULL,
  `id_orden` int(11) NOT NULL,
  `id_producto` int(11) NOT NULL,
  `cantidad` int(11) NOT NULL,
  `precio_unidad` double(10,2) NOT NULL,
  `descuento_linea` double(10,2) NOT NULL,
  `subtotal_linea` double(10,2) NOT NULL,
  `impuesto_linea` double(10,2) NOT NULL,
  `total_linea` double(10,2) NOT NULL
) ENGINE=InnoDB DEFAULT CHARSET=utf8mb4 COLLATE=utf8mb4_spanish2_ci;

-- --------------------------------------------------------

--
-- Estructura de tabla para la tabla `formatos`
--

CREATE TABLE `formatos` (
  `id_formato` int(11) NOT NULL,
  `nombre_formato` varchar(100) COLLATE utf8mb4_spanish2_ci NOT NULL,
  `fecha_creacion` datetime NOT NULL DEFAULT current_timestamp(),
  `estado` tinyint(1) NOT NULL
) ENGINE=InnoDB DEFAULT CHARSET=utf8mb4 COLLATE=utf8mb4_spanish2_ci;

--
-- Volcado de datos para la tabla `formatos`
--

INSERT INTO `formatos` (`id_formato`, `nombre_formato`, `fecha_creacion`, `estado`) VALUES
(1, 'WAL MART', '2021-12-29 17:03:37', 1),
(2, 'SUPERMERCADOS', '2021-12-29 17:03:37', 1),
(3, 'DESCUENTOS', '2021-12-29 17:03:37', 1),
(4, 'CD', '2021-12-29 17:03:37', 1);

-- --------------------------------------------------------

--
-- Estructura de tabla para la tabla `numeros_proveedor`
--

CREATE TABLE `numeros_proveedor` (
  `id_proveedor` int(11) NOT NULL,
  `departamento` int(11) NOT NULL,
  `cod_pais` int(11) NOT NULL,
  `estado` tinyint(1) NOT NULL,
  `fecha_creacion` datetime DEFAULT current_timestamp()
) ENGINE=InnoDB DEFAULT CHARSET=utf8mb4 COLLATE=utf8mb4_spanish2_ci;

--
-- Volcado de datos para la tabla `numeros_proveedor`
--

INSERT INTO `numeros_proveedor` (`id_proveedor`, `departamento`, `cod_pais`, `estado`, `fecha_creacion`) VALUES
(19596221, 22, 52, 1, '2021-12-29 17:31:34'),
(19596262, 26, 52, 1, '2021-12-29 17:31:58');

-- --------------------------------------------------------

--
-- Estructura de tabla para la tabla `ordenes`
--

CREATE TABLE `ordenes` (
  `id_orden` int(11) NOT NULL,
  `id_tienda` int(11) NOT NULL,
  `id_factura` int(11) DEFAULT NULL,
  `total_lineas` int(11) NOT NULL,
  `total_pedido` double(10,2) NOT NULL,
  `total_descuentos` double(10,2) NOT NULL,
  `total_impuesto` double(10,2) NOT NULL,
  `fecha_creacion` datetime NOT NULL DEFAULT current_timestamp(),
  `fecha_entrega` int(11) NOT NULL,
  `estado` tinyint(1) NOT NULL
) ENGINE=InnoDB DEFAULT CHARSET=utf8mb4 COLLATE=utf8mb4_spanish2_ci;

-- --------------------------------------------------------

--
-- Estructura de tabla para la tabla `tiendas`
--

CREATE TABLE `tiendas` (
  `id_tienda` int(11) NOT NULL,
  `nombre` varchar(100) COLLATE utf8mb4_spanish2_ci NOT NULL,
  `id_formato` int(11) NOT NULL,
  `cod_pais` int(11) NOT NULL DEFAULT 52,
  `gnl` varchar(13) COLLATE utf8mb4_spanish2_ci NOT NULL,
  `fecha_creacion` datetime NOT NULL DEFAULT current_timestamp(),
  `estado` int(11) NOT NULL
) ENGINE=InnoDB DEFAULT CHARSET=utf8mb4 COLLATE=utf8mb4_spanish2_ci;

--
-- Volcado de datos para la tabla `tiendas`
--

INSERT INTO `tiendas` (`id_tienda`, `nombre`, `id_formato`, `cod_pais`, `gnl`, `fecha_creacion`, `estado`) VALUES
(700, 'LIBERIA', 1, 52, '7407001011937', '2021-12-30 18:38:45', 1),
(711, 'LA RITA', 4, 52, '7407001011708', '2021-12-30 18:38:45', 1),
(717, 'MP NARANJO                    ', 3, 52, '7407001011845', '2021-12-30 18:38:45', 1),
(718, 'ASERRI', 3, 52, '7407001011890', '2021-12-30 18:38:45', 1),
(719, 'HACIENDA VIEJA', 2, 52, '7407001011869', '2021-12-30 18:38:45', 1),
(720, 'JIMÉNEZ', 4, 52, '7407001011906', '2021-12-30 18:38:45', 1),
(721, 'PALI BELEN DE CARRILLO        ', 4, 52, '7407001011760', '2021-12-30 18:38:45', 1),
(722, 'PALI POCORA GUACIMO', 4, 52, '7407001011821', '2021-12-30 18:38:45', 1),
(725, 'WM PEREZ ZELEDON', 2, 52, '7407001012422', '2021-12-30 18:38:45', 1),
(729, 'PALI MATINA                   ', 4, 52, '7407001011876', '2021-12-30 18:38:45', 1),
(733, 'CORONADO', 3, 52, '7407001012033', '2021-12-30 18:38:45', 1),
(736, 'GRECIA', 2, 52, '7407001012057', '2021-12-30 18:38:45', 1),
(737, 'PUERTO JIMÉNEZ', 4, 52, '7407001011838', '2021-12-30 18:38:45', 1),
(738, 'TOBOSI', 4, 52, '7407001011791', '2021-12-30 18:38:45', 1),
(743, 'BARRIO CORAZÓN DE JESÚS', 4, 52, '7407001011982', '2021-12-30 18:38:45', 1),
(749, 'PACAYAS', 4, 52, '7407001011999', '2021-12-30 18:38:45', 1),
(751, 'PALI SAN SEBASTIAN NORTE      ', 4, 52, '7407001012002', '2021-12-30 18:38:45', 1),
(758, 'BARVA NORTE', 4, 52, '7407001012323', '2021-12-30 18:38:45', 1),
(759, 'BARVA NORTE', 4, 52, '7407001012217', '2021-12-30 18:38:45', 1),
(763, 'JACO', 4, 52, '7407001012156', '2021-12-30 18:38:45', 1),
(768, 'WM CIUDAD QUESADA SAN CARLOS', 2, 52, '7407001012408', '2021-12-30 18:38:45', 1),
(769, 'MP TAMARINDO SANTA CRUZ', 3, 52, '7407001012538', '2021-12-30 18:38:45', 1),
(776, 'MXM TEJAR EL GUARCO', 2, 52, '7407001012811', '2021-12-30 18:38:45', 1),
(777, 'MXM GUAYABOS CURRIDABAT', 2, 52, '7407001012361', '2021-12-30 18:38:45', 1),
(778, 'MP MONTECILLOS ALAJUELA', 3, 52, '7407001012354', '2021-12-30 18:38:45', 1),
(781, 'PALI VENECIA DE SAN CARLOS', 4, 52, '7407001012286', '2021-12-30 18:38:45', 1),
(784, 'MP SAN JOSECITO SAN RAFAEL', 3, 52, '7407001012439', '2021-12-30 18:38:45', 1),
(785, 'PALI SANTA CLARA SAN CARLOS', 4, 52, '7407001012415', '2021-12-30 18:38:45', 1),
(786, 'PALI LA SUIZA TURRIALBA', 4, 52, '7407001012330', '2021-12-30 18:38:45', 1),
(790, 'PALI SAN JOSECITO ALAJUELA', 4, 52, '7407001012385', '2021-12-30 18:38:45', 1),
(791, 'PALI LAS CANAS ALAJUELA', 4, 52, '7407001012378', '2021-12-30 18:38:45', 1),
(793, 'MP TURRIALBA NORTE', 3, 52, '7407001012644', '2021-12-30 18:38:45', 1),
(799, 'MP TRES RIOS', 3, 52, '7407001012859', '2021-12-30 18:38:45', 1),
(806, 'MP SANTA ANA', 3, 52, '7407001012514', '2021-12-30 18:38:45', 1),
(3021, 'MXM CUESTA DE MORAS', 2, 52, '7407001003345', '2021-12-30 18:38:45', 1),
(3022, 'MXM HATILLO', 2, 52, '7407001003208', '2021-12-30 18:38:45', 1),
(3024, 'MXM DESAMPARADOS', 2, 52, '7407001003314', '2021-12-30 18:38:45', 1),
(3025, 'MXM LA GRANJA', 2, 52, '7407001003352', '2021-12-30 18:38:45', 1),
(3027, 'MXM ESCAZU', 2, 52, '7407001003369', '2021-12-30 18:38:45', 1),
(3028, 'M X M SAN GERARDO', 2, 52, '7407001002188', '2021-12-30 18:38:45', 1),
(3029, 'MXM TIBAS', 2, 52, '7407001002430', '2021-12-30 18:38:45', 1),
(3030, 'MXM CARTAGO', 2, 52, '7407001002447', '2021-12-30 18:38:45', 1),
(3031, 'MXM ALAJUELA', 2, 52, '7407001003123', '2021-12-30 18:38:45', 1),
(3032, 'MXM SABANILLA', 2, 52, '7407001003376', '2021-12-30 18:38:45', 1),
(3033, 'MXM CORONADO', 2, 52, '7407001003383', '2021-12-30 18:38:45', 1),
(3034, 'MXM PLAZA AMERICA', 2, 52, '7407001003390', '2021-12-30 18:38:45', 1),
(3036, 'M X M HEREDIA', 2, 52, '7407001003413', '2021-12-30 18:38:45', 1),
(3037, 'M X M SAN PABLO', 2, 52, '7407001003420', '2021-12-30 18:38:45', 1),
(3038, 'MXM GUAPILES', 2, 52, '7407001003437', '2021-12-30 18:38:46', 1),
(3039, 'MXM LIMON', 2, 52, '7407001003246', '2021-12-30 18:38:46', 1),
(3040, 'MXM JACO', 2, 52, '7407001003444', '2021-12-30 18:38:46', 1),
(3041, 'M X M ALAJUELA CENTRO', 2, 52, '7407001002454', '2021-12-30 18:38:46', 1),
(3043, 'MXM SABANA', 2, 52, '7407001003451', '2021-12-30 18:38:46', 1),
(3044, 'MXM PASEO DE LAS FLORES', 2, 52, '7407001003468', '2021-12-30 18:38:46', 1),
(3045, 'MXM ROHRMOSER', 2, 52, '7407001003475', '2021-12-30 18:38:46', 1),
(3048, 'MD GUADALUPE', 3, 52, '7407001003130', '2021-12-30 18:38:46', 1),
(3051, 'PALI SAUCES', 4, 52, '7407001002461', '2021-12-30 18:38:46', 1),
(3052, 'PALI SAN SEBASTIAN', 4, 52, '7407001002478', '2021-12-30 18:38:46', 1),
(3053, 'PALI SANTO DOMINGO', 4, 52, '7407001003482', '2021-12-30 18:38:46', 1),
(3055, 'PALI BARRIO CORDOBA', 4, 52, '7407001002195', '2021-12-30 18:38:46', 1),
(3056, 'PALI ALAJUELA', 4, 52, '7407001002485', '2021-12-30 18:38:46', 1),
(3057, 'PALI GRECIA', 4, 52, '7407001002492', '2021-12-30 18:38:46', 1),
(3058, 'PALI PUNTARENAS', 4, 52, '7407001003499', '2021-12-30 18:38:46', 1),
(3059, 'PALI TIBAS', 4, 52, '7407001002508', '2021-12-30 18:38:46', 1),
(3060, 'PALI CARTAGO', 4, 52, '7407001002515', '2021-12-30 18:38:46', 1),
(3061, 'PALI GUADALUPE', 4, 52, '7407001002201', '2021-12-30 18:38:46', 1),
(3062, 'PALI ROHMOSER', 4, 52, '7407001002386', '2021-12-30 18:38:46', 1),
(3063, 'PALI HEREDIA', 4, 52, '7407001003147', '2021-12-30 18:38:46', 1),
(3064, 'PALI SAN ISIDRO', 4, 52, '7407001003505', '2021-12-30 18:38:46', 1),
(3065, 'PALI LIBERIA', 4, 52, '7407001002522', '2021-12-30 18:38:46', 1),
(3066, 'PALI CASTELLANA', 4, 52, '7407001002218', '2021-12-30 18:38:46', 1),
(3067, 'PALI CURRIDABAT', 4, 52, '7407001002225', '2021-12-30 18:38:46', 1),
(3068, 'PALI SAN RAMON', 4, 52, '7407001002539', '2021-12-30 18:38:46', 1),
(3069, 'PALI C. QUESADA', 4, 52, '7407001003512', '2021-12-30 18:38:46', 1),
(3070, 'PALI ALAJUELITA', 4, 52, '7407001002232', '2021-12-30 18:38:46', 1),
(3071, 'PALI CALLE BLANCOS', 4, 52, '7407001000016', '2021-12-30 18:38:46', 1),
(3072, 'PALI DESAMPARADOS', 4, 52, '7407001002249', '2021-12-30 18:38:46', 1),
(3073, 'PALI GUAPILES', 4, 52, '7407001003529', '2021-12-30 18:38:46', 1),
(3074, 'PALI SAN FRANCISCO', 4, 52, '7407001002546', '2021-12-30 18:38:46', 1),
(3075, 'PALI IPIS', 4, 52, '7407001002553', '2021-12-30 18:38:46', 1),
(3076, 'PALI TURRIALBA', 4, 52, '7407001002560', '2021-12-30 18:38:46', 1),
(3077, 'PALI TRES RIOS', 4, 52, '7407001002157', '2021-12-30 18:38:46', 1),
(3078, 'PALI PARAISO', 4, 52, '7407001002577', '2021-12-30 18:38:46', 1),
(3079, 'PALI COLIMA', 4, 52, '7407001002256', '2021-12-30 18:38:46', 1),
(3080, 'PALI PAVAS', 4, 52, '7407001002393', '2021-12-30 18:38:46', 1),
(3081, 'PALI LOURDES', 4, 52, '7407001002409', '2021-12-30 18:38:46', 1),
(3082, 'PALI SAN BLAS', 4, 52, '7407001002584', '2021-12-30 18:38:46', 1),
(3083, 'PALI LA VERBENA', 4, 52, '7407001002416', '2021-12-30 18:38:46', 1),
(3084, 'PALI EL LLANO', 4, 52, '7407001002591', '2021-12-30 18:38:46', 1),
(3085, 'PALI EL ROBLE', 4, 52, '7407001003536', '2021-12-30 18:38:46', 1),
(3086, 'PALI VILLA BONITA', 4, 52, '7407001003543', '2021-12-30 18:38:46', 1),
(3087, 'PALI LOS ANGELES', 4, 52, '7407001002607', '2021-12-30 18:38:46', 1),
(3088, 'PALI FATIMA', 4, 52, '7407001002263', '2021-12-30 18:38:46', 1),
(3089, 'PALI AURORA', 4, 52, '7407001003215', '2021-12-30 18:38:46', 1),
(3090, 'PALI BELEN', 4, 52, '7407001003222', '2021-12-30 18:38:46', 1),
(3091, 'PALI BARVA', 4, 52, '7407001003239', '2021-12-30 18:38:46', 1),
(3092, 'PALI SAN MIGUEL DESAMPARADOS', 4, 52, '7407001002614', '2021-12-30 18:38:46', 1),
(3093, 'PALI CANAS', 4, 52, '7407001003185', '2021-12-30 18:38:46', 1),
(3094, 'PALI LIMON', 4, 52, '7407001003550', '2021-12-30 18:38:46', 1),
(3095, 'PALI NARANJO', 4, 52, '7407001002621', '2021-12-30 18:38:46', 1),
(3096, 'PALI ESPARZA', 4, 52, '7407001003567', '2021-12-30 18:38:46', 1),
(3097, 'PALI SANTA ANA', 4, 52, '7407001002638', '2021-12-30 18:38:46', 1),
(3098, 'PALI ASERRI ABAJO', 4, 52, '7407001002270', '2021-12-30 18:38:46', 1),
(3099, 'PALI NICOYA', 4, 52, '7407001002645', '2021-12-30 18:38:46', 1),
(3100, 'PALI LA PITAHAYA', 4, 52, '7407001002652', '2021-12-30 18:38:46', 1),
(3101, 'PALI SIQUIRRES', 4, 52, '7407001003574', '2021-12-30 18:38:46', 1),
(3102, 'PALI UNICENTRO', 4, 52, '7407001003581', '2021-12-30 18:38:46', 1),
(3103, 'PALI ESCAZU', 4, 52, '7407001002287', '2021-12-30 18:38:46', 1),
(3104, 'PALI CORONADO', 4, 52, '7407001002294', '2021-12-30 18:38:46', 1),
(3105, 'PALI CIUDAD NEILY', 4, 52, '7407001003598', '2021-12-30 18:38:46', 1),
(3106, 'PALI LA PARADA', 4, 52, '7407001002669', '2021-12-30 18:38:46', 1),
(3107, 'PALI CIUDAD COLON', 4, 52, '7407001002300', '2021-12-30 18:38:46', 1),
(3108, 'PALI PURISCAL', 4, 52, '7407001002676', '2021-12-30 18:38:46', 1),
(3109, 'PALI PARRITA', 4, 52, '7407001003604', '2021-12-30 18:38:46', 1),
(3110, 'PALI CARIARI', 4, 52, '7407001003611', '2021-12-30 18:38:46', 1),
(3111, 'PALI SAN RAFAEL ABAJO', 4, 52, '7407001002683', '2021-12-30 18:38:46', 1),
(3112, 'PALI PACIFICO', 4, 52, '7407001002690', '2021-12-30 18:38:46', 1),
(3113, 'PALI DESAMPARADOS CENTRO', 4, 52, '7407001002317', '2021-12-30 18:38:46', 1),
(3114, 'PALI CARTAGO CENTRO', 4, 52, '7407001002706', '2021-12-30 18:38:46', 1),
(3115, 'PALI HEREDIA CENTRO', 4, 52, '7407001002775', '2021-12-30 18:38:46', 1),
(3116, 'PALI TIBAS EL PARQUE', 4, 52, '7407001002713', '2021-12-30 18:38:46', 1),
(3117, 'PALI AGUAS ZARCAS', 0, 52, '7407001003628', '2021-12-30 18:38:46', 1),
(3118, 'PALI EL ALTO', 4, 52, '7407001002324', '2021-12-30 18:38:46', 1),
(3119, 'MP PALMARES', 3, 52, '7407001002720', '2021-12-30 18:38:46', 1),
(3120, 'PALI SAN JOAQUIN', 4, 52, '7407001003635', '2021-12-30 18:38:46', 1),
(3121, 'PALI BARRIO SAN JOSE', 4, 52, '7407001002737', '2021-12-30 18:38:46', 1),
(3122, 'PALI TEJAR', 4, 52, '7407001002744', '2021-12-30 18:38:46', 1),
(3123, 'PALI SANTA LUCIA', 4, 52, '7407001002751', '2021-12-30 18:38:46', 1),
(3124, 'PALI TILARAN', 4, 52, '7407001002782', '2021-12-30 18:38:46', 1),
(3125, 'PALI ATENAS', 4, 52, '7407001002768', '2021-12-30 18:38:46', 1),
(3126, 'PALI OROTINA', 4, 52, '7407001002799', '2021-12-30 18:38:46', 1),
(3127, 'PALI QUEPOS', 4, 52, '7407001003642', '2021-12-30 18:38:46', 1),
(3128, 'PALI GUACIMO', 4, 52, '7407001003659', '2021-12-30 18:38:46', 1),
(3130, 'PALI PITAL', 4, 52, '7407001003666', '2021-12-30 18:38:46', 1),
(3131, 'PALI TARAS', 4, 52, '7407001002805', '2021-12-30 18:38:46', 1),
(3132, 'PALI CONCEPCION DE ALAJUELITA', 4, 52, '7407001002331', '2021-12-30 18:38:46', 1),
(3133, 'PALI SAN FELIPE', 4, 52, '7407001003673', '2021-12-30 18:38:46', 1),
(3134, 'PALI LOS LAGOS', 4, 52, '7407001003192', '2021-12-30 18:38:46', 1),
(3135, 'PALI SANTA CRUZ', 4, 52, '7407001002812', '2021-12-30 18:38:46', 1),
(3136, 'PALI COT', 4, 52, '7407001002829', '2021-12-30 18:38:46', 1),
(3137, 'PALI PASEO COLON', 4, 52, '7407001002836', '2021-12-30 18:38:46', 1),
(3138, 'PALI LOMAS DEL RIO', 4, 52, '7407001002423', '2021-12-30 18:38:46', 1),
(3139, 'PALI POAS', 4, 52, '7407001002843', '2021-12-30 18:38:46', 1),
(3141, 'PALI SARCHI', 4, 52, '7407001002850', '2021-12-30 18:38:46', 1),
(3142, 'PALI SANTA BARBARA', 4, 52, '7407001003680', '2021-12-30 18:38:46', 1),
(3143, 'PALI RIO FRIO', 4, 52, '7407001003697', '2021-12-30 18:38:46', 1),
(3144, 'PALI FLORENCIA', 4, 52, '7407001003703', '2021-12-30 18:38:46', 1),
(3145, 'PALI SAN RAFAEL HEREDIA', 4, 52, '7407001003321', '2021-12-30 18:38:46', 1),
(3146, 'PALI ESTUDIANTES', 4, 52, '7407001002348', '2021-12-30 18:38:46', 0),
(3700, 'WM SAN SEBASTIAN', 1, 52, '7407001000054', '2021-12-30 18:38:46', 1),
(3701, 'WM HEREDIA', 1, 52, '7407001000047', '2021-12-30 18:38:46', 1),
(3702, 'WM CURRIDABAT', 1, 52, '7407001000061', '2021-12-30 18:38:46', 1),
(3705, 'WM GUADALUPE', 1, 52, '7407001000023', '2021-12-30 18:38:46', 1),
(3900, 'MP EL CRUCE', 3, 52, '7407001002355', '2021-12-30 18:38:46', 1),
(3901, 'MP ALAJUELA', 3, 52, '7407001002867', '2021-12-30 18:38:46', 1),
(3903, 'MP CIUDAD QUESADA', 3, 52, '7407001002874', '2021-12-30 18:38:46', 1),
(3904, 'MP LIMON', 3, 52, '7407001002881', '2021-12-30 18:38:46', 1),
(3905, 'MP LIBERIA', 3, 52, '7407001002898', '2021-12-30 18:38:46', 1),
(4000, 'PALI SARAPIQUI', 4, 52, '7407001003710', '2021-12-30 18:38:46', 1),
(4003, 'PALI PALMAR NORTE', 4, 52, '7407001003727', '2021-12-30 18:38:46', 1),
(4004, 'MP GRECIA', 3, 52, '7407001003260', '2021-12-30 18:38:46', 1),
(4005, 'MXM SANTO DOMINGO', 2, 52, '7407001002904', '2021-12-30 18:38:46', 1),
(4006, 'WM CARTAGO', 1, 52, '7407001002171', '2021-12-30 18:38:46', 1),
(4020, 'PALI LOS CHILES', 4, 52, '7407001003734', '2021-12-30 18:38:46', 1),
(4021, 'PALI GUATUSO', 4, 52, '7407001003741', '2021-12-30 18:38:46', 1),
(4024, 'PALI CIRUELAS', 4, 52, '7407001002911', '2021-12-30 18:38:46', 1),
(4025, 'PALI CHACARITA', 4, 52, '7407001003864', '2021-12-30 18:38:46', 1),
(4026, 'PALI UPALA', 4, 52, '7407001003154', '2021-12-30 18:38:46', 1),
(4027, 'PALI SAN RAFAEL ALAJUELA', 4, 52, '7407001002928', '2021-12-30 18:38:46', 1),
(4028, 'PALI TIRRASES', 4, 52, '7407001002164', '2021-12-30 18:38:46', 1),
(4029, 'MP JACO', 3, 52, '7407001002935', '2021-12-30 18:38:46', 1),
(4030, 'MP SAN ISIDRO', 3, 52, '7407001002942', '2021-12-30 18:38:46', 1),
(4031, 'MP SAN RAMON', 3, 52, '7407001002959', '2021-12-30 18:38:46', 1),
(4032, 'WM ESCAZU', 1, 52, '7407001000078', '2021-12-30 18:38:46', 1),
(4045, 'PALI ASERRI', 4, 52, '7407001002362', '2021-12-30 18:38:46', 1),
(4047, 'PALI DESAMPARADO ALAJUELA', 4, 52, '7407001002966', '2021-12-30 18:38:46', 1),
(4052, 'PALI SARDINAL', 4, 52, '7407001002973', '2021-12-30 18:38:46', 1),
(4059, 'PALI RIO CLARO', 4, 52, '7407001003758', '2021-12-30 18:38:46', 1),
(4060, 'PALI LA CRUZ', 4, 52, '7407001003161', '2021-12-30 18:38:46', 1),
(4063, 'PALI BUENOS AIRES', 4, 52, '7407001003765', '2021-12-30 18:38:46', 1),
(4064, 'PALI SAN ANTONIO CORONADO', 4, 52, '7407001002980', '2021-12-30 18:38:46', 1),
(4075, 'MP PUNTARENAS', 3, 52, '7407001002997', '2021-12-30 18:38:46', 1),
(4076, 'MXM SANTA ANA', 2, 52, '7407001003000', '2021-12-30 18:38:46', 1),
(4081, 'PALI BAGACES', 4, 52, '7407001003178', '2021-12-30 18:38:46', 1),
(4083, 'PALI TARRAZU', 4, 52, '7407001003017', '2021-12-30 18:38:46', 1),
(4084, 'PALI SAN ISIDRO HEREDIA', 4, 52, '7407001003253', '2021-12-30 18:38:46', 1),
(4085, 'PALI CONCEPCION TRES RIOS', 4, 52, '7407001003024', '2021-12-30 18:38:46', 1),
(4088, 'PALI POCOSOL', 4, 52, '7407001003772', '2021-12-30 18:38:46', 1),
(4092, 'PALI PAQUERA', 4, 52, '7407001003789', '2021-12-30 18:38:46', 1),
(4093, 'PALI JICARAL', 4, 52, '7407001003031', '2021-12-30 18:38:46', 1),
(4099, 'MP TURRIALBA', 3, 52, '7407001003048', '2021-12-30 18:38:46', 1),
(4107, 'PALI EL COYOL', 4, 52, '7407001003055', '2021-12-30 18:38:46', 1),
(4109, 'MP NICOYA', 3, 52, '7407001003062', '2021-12-30 18:38:46', 1),
(4118, 'PALI SAN PABLO HEREDIA', 4, 52, '7407001003796', '2021-12-30 18:38:46', 1),
(4124, 'PALI BATAAN', 4, 52, '7407001003802', '2021-12-30 18:38:46', 1),
(4125, 'PALI FILADELFIA', 4, 52, '7407001003079', '2021-12-30 18:38:46', 1),
(4128, 'PALI LAS JUNTAS', 4, 52, '7407001003277', '2021-12-30 18:38:46', 1),
(4135, 'PALI PURRAL', 4, 52, '7407001002379', '2021-12-30 18:38:46', 1),
(4136, 'MP GUAPILES', 3, 52, '7407001007251', '2021-12-30 18:38:46', 1),
(4146, 'MP HUACAS', 3, 52, '7407001009118', '2021-12-30 18:38:46', 1),
(4157, 'PALI VUELTA DE JORCO', 4, 52, '7407001003086', '2021-12-30 18:38:46', 1),
(4158, 'PALI NANDAYURE', 4, 52, '7407001003888', '2021-12-30 18:38:46', 1),
(4166, 'PALI MIRAMAR', 4, 52, '7407001003895', '2021-12-30 18:38:46', 1),
(4170, 'PALI SAN VITO COTO BRUS', 4, 52, '7407001003901', '2021-12-30 18:38:46', 1),
(4181, 'PALI PUERTO VIEJO', 4, 52, '7407001003918', '2021-12-30 18:38:46', 1),
(4183, 'M X M CURRIDABAT', 2, 52, '7407001003871', '2021-12-30 18:38:46', 1),
(4188, 'PALI SAN ROQUE LIBERIA', 4, 52, '7407001007268', '2021-12-30 18:38:46', 1),
(4191, 'PALI LA FORTUNA', 4, 52, '7407001007275', '2021-12-30 18:38:46', 1),
(4193, 'PALI SAN RAFAEL DE MONTES', 4, 52, '7407001007282', '2021-12-30 18:38:46', 1),
(4194, 'MP TIBAS', 3, 52, '7407001007299', '2021-12-30 18:38:46', 1),
(4195, 'MP CANAS', 3, 52, '7407001008296', '2021-12-30 18:38:46', 1),
(4197, 'PALI PIEDADES', 4, 52, '7407001007305', '2021-12-30 18:38:46', 1),
(4198, 'PALI SAMARA', 4, 52, '7407001008210', '2021-12-30 18:38:46', 1),
(4199, 'PALI BARRANCA', 4, 52, '7407001007312', '2021-12-30 18:38:46', 1),
(4200, 'PALI BARRIO CUBA', 4, 52, '7407001007343', '2021-12-30 18:38:46', 1),
(4201, 'PALI CINCO ESQUINAS', 4, 52, '7407001007329', '2021-12-30 18:38:46', 0),
(4202, 'PALI MATA DE PLATANO', 4, 52, '7407001007503', '2021-12-30 18:38:46', 1),
(4214, 'MP PARAISO', 3, 52, '7407001008227', '2021-12-30 18:38:46', 1),
(4215, 'MP QUEPOS', 3, 52, '7407001008630', '2021-12-30 18:38:46', 1),
(4216, 'MXM BELEN', 2, 52, '7407001009002', '2021-12-30 18:38:46', 1),
(4217, 'MXM LIBERIA GUANACASTE', 2, 52, '7407001010824', '2021-12-30 18:38:47', 1),
(4218, 'PALI CRISTO REY', 4, 52, '7407001008234', '2021-12-30 18:38:47', 1),
(4219, 'PALI PLAZA VIQUEZ', 4, 52, '7407001008241', '2021-12-30 18:38:47', 1),
(4220, 'PALI SAN SEBASTIAN NORTE', 4, 52, '7407001008258', '2021-12-30 18:38:47', 1),
(4229, 'PALI BARRIO LA SOLEDAD', 4, 52, '7407001008265', '2021-12-30 18:38:47', 1),
(4230, 'PALI GRANADILLA', 4, 52, '7407001008272', '2021-12-30 18:38:47', 1),
(4231, 'PALI MONTUFAR', 4, 52, '7407001008494', '2021-12-30 18:38:47', 1),
(4232, 'PALI SAN LORENZO', 4, 52, '7407001008289', '2021-12-30 18:38:47', 1),
(4241, 'MXM SAN ANTONIO DESAMPARA', 2, 52, '7407001009200', '2021-12-30 18:38:47', 1),
(4242, 'MXM SAN JOAQUIN DE HEREDI', 2, 52, '7407001009217', '2021-12-30 18:38:47', 1),
(4243, 'MXM TRES RIOS CARTAGO', 2, 52, '7407001009224', '2021-12-30 18:38:47', 1),
(4244, 'PALI BARRIO MEXICO', 4, 52, '7407001008678', '2021-12-30 18:38:47', 1),
(4253, 'WM ALAJUELA', 1, 52, '7407001009293', '2021-12-30 18:38:47', 1),
(4256, 'PALI TIERRA BLANCA', 4, 52, '7407001008982', '2021-12-30 18:38:47', 1),
(4257, 'PALI PASO ANCHO', 4, 52, '7407001008999', '2021-12-30 18:38:47', 1),
(4258, 'MP PALI RIO CLARO', 3, 52, '7407001009231', '2021-12-30 18:38:47', 1),
(4261, 'PALI SAN MIGUEL STO DOMINGO', 4, 52, '7407001008821', '2021-12-30 18:38:47', 1),
(4279, 'PALI PARQUE CENTRAL BARVA', 4, 52, '7407001009149', '2021-12-30 18:38:47', 1),
(4280, 'PALI COBANO', 4, 52, '7407001009156', '2021-12-30 18:38:47', 1),
(4281, 'PALI MERCEDES SUR', 4, 52, '7407001009163', '2021-12-30 18:38:47', 1),
(4282, 'PALI EL ROBLE DE ALAJUELA', 4, 52, '7407001009170', '2021-12-30 18:38:47', 1),
(4283, 'MP ALAJUELITA', 3, 52, '7407001009682', '2021-12-30 18:38:47', 1),
(4284, 'MP SAN FRANCISCO DOS RÍOS', 3, 52, '7407001009699', '2021-12-30 18:38:47', 1),
(4304, 'MP SANTA CRUZ', 3, 52, '7407001009736', '2021-12-30 18:38:47', 1),
(4305, 'MP LA TRINIDAD MORAVIA', 3, 52, '7407001009712', '2021-12-30 18:38:47', 1),
(4315, 'WM TIBAS', 1, 52, '7407001009958', '2021-12-30 18:38:47', 1),
(4316, 'MP LA LIMA', 3, 52, '7407001009750', '2021-12-30 18:38:47', 1),
(4318, 'MP MERCEDES NORTE', 3, 52, '7407001009828', '2021-12-30 18:38:47', 1),
(4320, 'PALI LLORENTE', 4, 52, '7407001009644', '2021-12-30 18:38:47', 1),
(4325, 'MXM LINCOLN', 2, 52, '7407001010039', '2021-12-30 18:38:47', 1),
(4328, 'PALI ZARCERO', 4, 52, '7407001009651', '2021-12-30 18:38:47', 1),
(4330, 'MXM GUACHIPELIN', 2, 52, '7407001009989', '2021-12-30 18:38:47', 1),
(4338, 'MXM LIBERIA', 2, 52, '7407001009903', '2021-12-30 18:38:47', 1),
(4339, 'MP ATENAS', 3, 52, '7407001009972', '2021-12-30 18:38:47', 1),
(4340, 'MP OROTINA', 3, 52, '7407001009927', '2021-12-30 18:38:47', 1),
(4341, 'MP ESPARZA', 3, 52, '7407001010008', '2021-12-30 18:38:47', 1),
(4349, 'PALI SAN ANTONIO DE ESCAZU', 4, 52, '7407001010015', '2021-12-30 18:38:47', 1),
(4350, 'MP SAN RAFAEL ABAJO', 3, 52, '7407001009965', '2021-12-30 18:38:47', 1),
(4356, 'WM CARIARI', 1, 52, '7407001010145', '2021-12-30 18:38:47', 1),
(4369, 'MP SIQUIRRES', 3, 52, '7407001010121', '2021-12-30 18:38:47', 1),
(4383, 'MP PAVAS', 3, 52, '7407001010565', '2021-12-30 18:38:47', 1),
(4386, 'WM LA VALENCIA HEREDIA', 2, 52, '7407001010534', '2021-12-30 18:38:47', 1),
(4390, 'MP PURISCAL, SAN JOSÉ', 3, 52, '7407001010497', '2021-12-30 18:38:47', 1),
(4402, 'MP HATILLO', 3, 52, '7407001010701', '2021-12-30 18:38:47', 1),
(4404, 'MXM HEREDIA SUR', 2, 52, '7407001010718', '2021-12-30 18:38:47', 1),
(4405, 'MP CARAZO DOLORES', 3, 52, '7407001010725', '2021-12-30 18:38:47', 1),
(4406, 'MP AGUACALIENTE', 3, 52, '7407001010800', '2021-12-30 18:38:47', 1),
(4413, 'WM DESAMPARADOS', 1, 52, '7407001011470', '2021-12-30 18:38:47', 1),
(4417, 'MP AGUAS ZARCAS', 3, 52, '7407001010770', '2021-12-30 18:38:47', 1),
(4424, 'MXM CIUDAD COLON', 2, 52, '7407001011050', '2021-12-30 18:38:47', 1),
(4425, 'PALI CUATRO REINAS', 4, 52, '7407001010893', '2021-12-30 18:38:47', 1),
(4426, 'MXM SAN JOAQUIN', 2, 52, '7407001010909', '2021-12-30 18:38:47', 1),
(4429, 'MXM SAN RAMON', 2, 52, '7407001010862', '2021-12-30 18:38:47', 1),
(4430, 'MXM BARRIO SAN JOSÉ', 2, 52, '7407001010930', '2021-12-30 18:38:47', 1),
(4431, 'MXM SAN PABLO NORTE', 2, 52, '7407001011302', '2021-12-30 18:38:47', 1),
(4432, 'MP OREAMUNO', 3, 52, '7407001011081', '2021-12-30 18:38:47', 1),
(4435, 'MP SAN RAFAEL DE ALAJUELA', 3, 52, '7407001010855', '2021-12-30 18:38:47', 1),
(4444, 'PALI SAN PEDRO DE BARVA', 4, 52, '7407001011715', '2021-12-30 18:38:47', 1),
(4449, 'WM LA LIMA                    ', 1, 52, '7407001010992', '2021-12-30 18:38:47', 1),
(4461, 'MP SANTA BARBARA', 3, 52, '7407001011401', '2021-12-30 18:38:47', 1),
(4466, 'PALI SAN ANTONIO ESCAZU', 4, 52, '7407001011166', '2021-12-30 18:38:47', 1),
(4467, 'PALI SAN DIEGO', 4, 52, '7407001011159', '2021-12-30 18:38:47', 1),
(4468, 'WM LINDORA', 2, 52, '7407001011852', '2021-12-30 18:38:47', 1),
(4469, 'MP AGUACALIENTE', 3, 52, '7407001011326', '2021-12-30 18:38:47', 1),
(4470, 'PALI PALMARES CENTRO', 4, 52, '7407001011180', '2021-12-30 18:38:47', 1),
(4471, 'PALI CARRILLOS', 4, 52, '7407001011531', '2021-12-30 18:38:47', 1),
(4486, 'MP PARRITA                    ', 3, 52, '7407001011418', '2021-12-30 18:38:47', 1),
(4493, 'PALI CORALES LIMON', 4, 52, '7407001011364', '2021-12-30 18:38:47', 1),
(4494, 'CERRILLOS', 4, 52, '7407001011388', '2021-12-30 18:38:47', 1),
(4504, 'PALI ZAPOTE', 4, 52, '7407001011456', '2021-12-30 18:38:47', 1),
(4505, 'MXM SAN ISIDRO                ', 2, 52, '7407001011463', '2021-12-30 18:38:47', 1),
(4506, 'PALI AGUAS ZARCAS', 4, 52, '7407001011487', '2021-12-30 18:38:47', 1),
(7401, 'SANTA ANA (ABARROTES)', 5, 52, '7407001000092', '2021-12-30 18:38:47', 1),
(7405, 'SAN RAFAEL / DESAMPARADOS (MG)', 5, 52, '7407001000535', '2021-12-30 18:38:47', 1),
(7422, 'CENTRO DE DISTRIBUCION COYOL', 5, 52, '7407001010251', '2021-12-30 18:38:47', 1);

--
-- Índices para tablas volcadas
--

--
-- Indices de la tabla `detalle_ordenes`
--
ALTER TABLE `detalle_ordenes`
  ADD PRIMARY KEY (`id_detalle`);

--
-- Indices de la tabla `formatos`
--
ALTER TABLE `formatos`
  ADD PRIMARY KEY (`id_formato`);

--
-- Indices de la tabla `numeros_proveedor`
--
ALTER TABLE `numeros_proveedor`
  ADD PRIMARY KEY (`id_proveedor`);

--
-- Indices de la tabla `ordenes`
--
ALTER TABLE `ordenes`
  ADD PRIMARY KEY (`id_orden`);

--
-- Indices de la tabla `tiendas`
--
ALTER TABLE `tiendas`
  ADD PRIMARY KEY (`id_tienda`);

--
-- AUTO_INCREMENT de las tablas volcadas
--

--
-- AUTO_INCREMENT de la tabla `detalle_ordenes`
--
ALTER TABLE `detalle_ordenes`
  MODIFY `id_detalle` int(11) NOT NULL AUTO_INCREMENT;

--
-- AUTO_INCREMENT de la tabla `formatos`
--
ALTER TABLE `formatos`
  MODIFY `id_formato` int(11) NOT NULL AUTO_INCREMENT, AUTO_INCREMENT=5;
COMMIT;

/*!40101 SET CHARACTER_SET_CLIENT=@OLD_CHARACTER_SET_CLIENT */;
/*!40101 SET CHARACTER_SET_RESULTS=@OLD_CHARACTER_SET_RESULTS */;
/*!40101 SET COLLATION_CONNECTION=@OLD_COLLATION_CONNECTION */;
